[
  {
      "sectionId": 1,
      "isVisible": true,
      "sectionName": "About Us Banner",
      "isExistingComponent": true,
      "details": {
          "bannerText": "Our Story",
          "bannerImage": "themes/retail/footwearTheme/Our Story.jpg",
          "bannerImageSize": "fill",
          "textFontStyle": [
              "B"
          ],
          "textFontFamily": "'Jost', sans-serif",
          "textSize": 70,
          "textColor": "#050505"
      },
      "script": "themes/bundle/retail/zen-walk/zenwalk-about-us.js",
      "selectorDetails": {
          "selector": "phase-ii-retail-theme3-aboutus-banner",
          "inputData": [
              {
                  "selectorInput": "aboutUsDetails",
                  "handlerInput": "previewDetails.storePageSetup.savedPageContent"
              }
          ],
          "outputData": []
      }
  },
  {
      "sectionId": 2,
      "isVisible": true,
      "sectionName": "About Us",
      "isExistingComponent": true,
      "details": {
          "aboutUsSectionHeading": "About Us",
          "aboutUsTextStyle": [
              "B"
          ],
          "aboutUsTextFontFamily": "'Jost', sans-serif",
          "aboutUsTextSize": 30,
          "aboutUsTextColor": "#050505",
          "aboutUsSectionDescription": "Each and every footwear bought from our website will act as a style statement for you, all by itself. We deal into varied types of footwears for men, women, kids and babies. We, simply ‘aim to please’ and believe to keep our customers before anything. We, Shoes, located in Buri Ka Nagla, Agra, Uttar Pradesh have curated some of the best styles that you can be worn with Indian, formal, casuals, ethnic and every-day wear. We understand the wide range of sizes and foot types and thus have footwear for one and all. So, grab your favourite one soon.",
          "aboutUsSectionImage": "themes/retail/footwearTheme/shoe blue.jpg"
      },
      "script": "themes/bundle/retail/zen-walk/zenwalk-about-us.js",
      "selectorDetails": {
          "selector": "phase-ii-retail-theme3-about-us",
          "inputData": [
              {
                  "selectorInput": "aboutUsDetails",
                  "handlerInput": "previewDetails.storePageSetup.savedPageContent"
              }
          ],
          "outputData": []
      }
  },
  {
      "sectionId": 3,
      "isVisible": true,
      "sectionName": "Behind the brand",
      "isExistingComponent": true,
      "details": {
          "behindTheBrandHeading": "Behind The Brands",
          "behindTheBrandDescription": "We are a team of passionate shoe enthusiasits dedicated to providing our customers with high-quality footwaer that not only looks great but feels comfortable too. with years of experience in the industry, we have curated a collection of shoes that cater to all styles and preferences. We take immeasurable pride in our work, intentionally stitching love into the very fiber and fabric of our designs. We are small, but we a mighty group of talented individuals dedictaed to bringing you otherworldly designs with imagery to match.",
          "subtextFontStyle": [
              "B"
          ],
          "subtextFontFamily": "'Jost', sans-serif",
          "subtextSize": 42,
          "subtextColor": "whitesmoke",
          "textFontStyle": [],
          "textFontFamily": "'Jost', sans-serif",
          "textSize": 16,
          "textColor": "whitesmoke",
          "behindTheBrandImage": "themes/retail/footwearTheme/person1.png",
          "cardTitle": "Ferguson",
          "cardSubTitle": "Developer",
          "exploreText": "We Understand You Better",
          "sectionFontStyle": [
              "B"
          ],
          "sectionFontFamily": "'Jost', sans-serif",
          "sectionTextSize": 30,
          "sectionTextColor": "#050505"
      },
      "script": "themes/bundle/retail/zen-walk/zenwalk-about-us.js",
      "selectorDetails": {
          "selector": "phase-ii-retail-theme3-behind-the-brand",
          "inputData": [
              {
                  "selectorInput": "aboutUsDetails",
                  "handlerInput": "previewDetails.storePageSetup.savedPageContent"
              }
          ],
          "outputData": []
      }
  },
  {
      "sectionId": 4,
      "isVisible": true,
      "sectionName": "Explore Now",
      "isExistingComponent": true,
      "details": {
          "exploreText": "We Understand You Better",
          "sectionFontStyle": [
              "B"
          ],
          "sectionFontFamily": "'Jost', sans-serif",
          "sectionTextSize": 30,
          "sectionTextColor": "#050505",
          "exploreDescription": "We know the importance of having comfortable and durable for work. That's why we offer a range of work shoes that are designed to provide support and comfort during long hours on your feet.",
          "exploreButtonText": "EXPLORE OUR PRODUCTS",
          "exploreButtonColor": "#050505",
          "buttonLink": "products"
      },
      "script": "themes/bundle/retail/zen-walk/zenwalk-about-us.js",
      "selectorDetails": {
          "selector": "phase-ii-retail-theme3-aboutus-explorenow",
          "inputData": [
              {
                  "selectorInput": "aboutUsDetails",
                  "handlerInput": "previewDetails.storePageSetup.savedPageContent"
              }
          ],
          "outputData": [
              {
                  "selectorOutput": "pageToNavigate",
                  "handlerFunction": "pageToNavigate"
              }
          ]
      }
  },
  {
      "sectionId": 5,
      "isVisible": true,
      "sectionName": "About Us Videos",
      "isExistingComponent": true,
      "details": {
          "videoHeading": "VIDEOS",
          "videoTitleSize": 24,
          "videoTitleColor": "#050505",
          "videoTitleFontFamily": "'Jost', sans-serif",
          "videoTitleFontStyle": [
              "B"
          ],
          "video1": "themes/retail/footwearTheme/video1.mp4",
          "video2": "themes/retail/footwearTheme/video2.mp4",
          "video3": "themes/retail/footwearTheme/video3.mp4",
          "video4": "themes/retail/footwearTheme/video4.mp4",
          "videoTitle1": "Mens Leather Shoes",
          "videoTitle2": "Different Types Of Footwear",
          "videoTitle3": "Best 2019 Sneakers",
          "videoTitle4": "Workshoes Shoes For Womens"
      },
      "script": "themes/bundle/retail/zen-walk/zenwalk-about-us.js",
      "selectorDetails": {
          "selector": "phase-ii-retail-theme3-aboutus-video",
          "inputData": [
              {
                  "selectorInput": "aboutUsDetails",
                  "handlerInput": "previewDetails.storePageSetup.savedPageContent"
              }
          ],
          "outputData": []
      }
  }
]