[
  {
      "id": 1,
      "sectionName": "About Us Banner",
      "isExistingComponent": true,
      "controls": [
          {
              "groupName": "Banner Settings",
              "groupControls": [
                  {
                      "type": "Image",
                      "name": "bannerImage",
                      "label": "Upload banner image"
                  },
                  {
                      "type": "Radio",
                      "name": "bannerImageSize",
                      "label": "Banner image size",
                      "options": [
                          {
                              "name": "Crop",
                              "value": "cover"
                          },
                          {
                              "name": "Fit",
                              "value": "fill"
                          }
                      ]
                  },
                  {
                      "type": "Input",
                      "name": "bannerText",
                      "label": "Banner title",
                      "errors": [
                          {
                              "name": "maxlength",
                              "length": 20
                          }
                      ]
                  },
                  {
                      "type": "Font Style",
                      "name": "textFontStyle",
                      "label": "Banner text font style"
                  },
                  {
                      "type": "Dropdown",
                      "name": "textFontFamily",
                      "label": "Banner text font family"
                  },
                  {
                      "type": "Slider",
                      "name": "textSize",
                      "label": "Banner text size",
                      "options": [
                          10,
                          80
                      ]
                  },
                  {
                      "type": "Color Picker",
                      "name": "textColor",
                      "label": "Banner text color"
                  }
              ]
          }
      ]
  },
  {
      "id": 2,
      "sectionName": "About Us",
      "isExistingComponent": true,
      "controls": [
          {
              "groupName": "About Us Settings",
              "groupControls": [
                  {
                      "type": "Input",
                      "name": "aboutUsSectionHeading",
                      "label": "About us section heading",
                      "errors": [
                          {
                              "name": "required"
                          },
                          {
                              "name": "maxlength",
                              "length": 20
                          }
                      ]
                  },
                  {
                      "type": "Font Style",
                      "name": "aboutUsTextStyle",
                      "label": "About us text font style"
                  },
                  {
                      "type": "Dropdown",
                      "name": "aboutUsTextFontFamily",
                      "label": "About us text font family"
                  },
                  {
                      "type": "Slider",
                      "name": "aboutUsTextSize",
                      "label": "About us text size",
                      "options": [
                          10,
                          60
                      ]
                  },
                  {
                      "type": "Color Picker",
                      "name": "aboutUsTextColor",
                      "label": "About us text color"
                  },
                  {
                      "type": "Text Area",
                      "name": "aboutUsSectionDescription",
                      "label": "About us section description"
                  },
                  {
                      "type": "Image",
                      "name": "aboutUsSectionImage",
                      "label": "About us section image"
                  }
              ]
          }
      ]
  },
  {
      "id": 3,
      "sectionName": "Behind the brands",
      "isExistingComponent": true,
      "controls": [
          {
              "groupName": "Behind the brand",
              "groupControls": [
                  {
                      "type": "Input",
                      "name": "behindTheBrandHeading",
                      "label": "Behind the brand title",
                      "errors": [
                          {
                              "name": "required"
                          },
                          {
                              "name": "maxlength",
                              "length": 20
                          }
                      ]
                  },
                  {
                      "type": "Font Style",
                      "name": "subtextFontStyle",
                      "label": "Behind the brand font style"
                  },
                  {
                      "type": "Dropdown",
                      "name": "subtextFontFamily",
                      "label": "Behind the brand font family"
                  },
                  {
                      "type": "Slider",
                      "name": "subtextSize",
                      "label": "Behind the brand font size",
                      "options": [
                          10,
                          80
                      ]
                  },
                  {
                      "type": "Color Picker",
                      "name": "subtextColor",
                      "label": "Behind the brand font color"
                  },
                  {
                      "type": "Text Area",
                      "name": "behindTheBrandDescription",
                      "label": "Section's description",
                      "errors": [
                          {
                              "name": "maxlength",
                              "length": 500
                          }
                      ]
                  },
                  {
                      "type": "Font Style",
                      "name": "textFontStyle",
                      "label": "Description font style"
                  },
                  {
                      "type": "Dropdown",
                      "name": "textFontFamily",
                      "label": "Description font family"
                  },
                  {
                      "type": "Slider",
                      "name": "textSize",
                      "label": "Description font size",
                      "options": [
                          8,
                          36
                      ]
                  },
                  {
                      "type": "Color Picker",
                      "name": "textColor",
                      "label": "Description font color"
                  },
                  {
                      "type": "Image",
                      "name": "behindTheBrandImage",
                      "label": "Upload card image"
                  },
                  {
                      "type": "Input",
                      "name": "cardTitle",
                      "label": "Card title",
                      "errors": [
                          {
                              "name": "maxlength",
                              "length": 30
                          }
                      ]
                  },
                  {
                      "type": "Input",
                      "name": "cardSubTitle",
                      "label": "Card subtitle",
                      "errors": [
                          {
                              "name": "maxlength",
                              "length": 30
                          }
                      ]
                  }
              ]
          }
      ]
  },
  {
      "id": 4,
      "sectionName": "Explore Now",
      "isExistingComponent": true,
      "controls": [
          {
              "groupName": "Explore Now Section Settings",
              "groupControls": [
                  {
                      "type": "Input",
                      "name": "exploreText",
                      "label": "Section title",
                      "errors": [
                          {
                              "name": "required"
                          },
                          {
                              "name": "maxlength",
                              "length": 50
                          }
                      ]
                  },
                  {
                      "type": "Font Style",
                      "name": "sectionFontStyle",
                      "label": "Section title font style"
                  },
                  {
                      "type": "Dropdown",
                      "name": "sectionFontFamily",
                      "label": "Section title font family"
                  },
                  {
                      "type": "Slider",
                      "name": "sectionTextSize",
                      "label": "Section title size",
                      "options": [
                          10,
                          80
                      ]
                  },
                  {
                      "type": "Color Picker",
                      "name": "sectionTextColor",
                      "label": "Section title color"
                  },
                  {
                      "type": "Text Area",
                      "name": "exploreDescription",
                      "label": "Section's description"
                  },
                  {
                      "type": "Input",
                      "name": "exploreButtonText",
                      "label": "Button text",
                      "errors": [
                          {
                              "name": "required"
                          },
                          {
                              "name": "maxlength",
                              "length": 50
                          }
                      ]
                  },
                  {
                      "type": "Color Picker",
                      "name": "exploreButtonColor",
                      "label": "Button text color"
                  },
                  {
                      "type": "Dropdown",
                      "name": "buttonLink",
                      "label": "Button link"
                  }
              ]
          }
      ]
  },
  {
      "id": 5,
      "sectionName": "About Us Video",
      "isExistingComponent": true,
      "controls": [
          {
              "groupName": "Video Section Settings",
              "groupControls": [
                  {
                      "type": "Input",
                      "name": "videoHeading",
                      "label": "Section title",
                      "errors": [
                          {
                              "name": "required"
                          },
                          {
                              "name": "maxlength",
                              "length": 50
                          }
                      ]
                  },
                  {
                      "type": "Font Style",
                      "name": "videoTitleFontStyle",
                      "label": "Section title font style"
                  },
                  {
                      "type": "Dropdown",
                      "name": "videoTitleFontFamily",
                      "label": "Section title font family"
                  },
                  {
                      "type": "Slider",
                      "name": "videoTitleSize",
                      "label": "Section title size",
                      "options": [
                          10,
                          80
                      ]
                  },
                  {
                      "type": "Color Picker",
                      "name": "videoTitleColor",
                      "label": "Section title color"
                  },
                  {
                      "type": "Video",
                      "name": "video1",
                      "label": "Upload video 1"
                  },
                  {
                      "type": "Input",
                      "name": "videoTitle1",
                      "label": "Video 1's title"
                  },
                  {
                      "type": "Video",
                      "name": "video2",
                      "label": "Upload video 2"
                  },
                  {
                      "type": "Input",
                      "name": "videoTitle2",
                      "label": "Video 2's title"
                  },
                  {
                      "type": "Video",
                      "name": "video3",
                      "label": "Upload video 3"
                  },
                  {
                      "type": "Input",
                      "name": "videoTitle3",
                      "label": "Video 3's title"
                  },
                  {
                      "type": "Video",
                      "name": "video4",
                      "label": "Upload video 4"
                  },
                  {
                      "type": "Input",
                      "name": "videoTitle4",
                      "label": "Video 4's title"
                  }
              ]
          }
      ]
  }
]