[
  {
      "id": 1,
      "sectionName": "Home Banner",
      "isExistingComponent": true,
      "controls": [
          {
              "type": "Banner Layout",
              "name": "bannerDetails",
              "label": "Banner Details"
          }
      ]
  },
  {
      "id": 2,
      "sectionName": "About TimeLine",
      "isExistingComponent": true,
      "controls": [
          {
              "groupName": "Text Settings",
              "groupControls": [
                  {
                      "type": "Input",
                      "name": "timelineHeading",
                      "label": "Timeline Title",
                      "errors": [
                          {
                              "name": "required"
                          },
                          {
                              "name": "maxlength",
                              "length": 100
                          }
                      ]
                  },
                  {
                      "type": "Slider",
                      "name": "headingTextSize",
                      "label": "Text Size",
                      "options": [
                          20,
                          80
                      ]
                  },
                  {
                      "type": "Font Style",
                      "name": "headingFontStyle",
                      "label": "Text Font Style"
                  },
                  {
                      "type": "Dropdown",
                      "name": "textFontFamily",
                      "label": "Text Font Family"
                  },
                  {
                      "type": "Color Picker",
                      "name": "headingTextColor",
                      "label": "Text Color"
                  },
                  {
                      "type": "Input",
                      "name": "timelineSubHeading",
                      "label": "Timeline Sub Title",
                      "errors": [
                          {
                              "name": "required"
                          },
                          {
                              "name": "maxlength",
                              "length": 100
                          }
                      ]
                  },
                  {
                      "type": "Slider",
                      "name": "subHeadingTextSize",
                      "label": "Text Size",
                      "options": [
                          20,
                          80
                      ]
                  },
                  {
                      "type": "Font Style",
                      "name": "subHeadingFontStyle",
                      "label": "Text Font Style"
                  },
                  {
                      "type": "Dropdown",
                      "name": "subtextFontFamily",
                      "label": "Text Font Family"
                  },
                  {
                      "type": "Color Picker",
                      "name": "subHeadingTextColor",
                      "label": "Text Color"
                  }
              ]
          },
          {
              "groupName": "Timeline Settings",
              "groupControls": [
                  {
                      "type": "ArrayOfObjects",
                      "name": "timelineDetails",
                      "label": "Timeline"
                  }
              ]
          }
      ]
  },
  {
      "id": 3,
      "sectionName": "Three Grid Section",
      "isExistingComponent": true,
      "controls": [
          {
              "groupName": "Section 1 Settings",
              "groupControls": [
                  {
                      "type": "Input",
                      "name": "sectionTitle1",
                      "label": "Section Title 1",
                      "errors": [
                          {
                              "name": "required"
                          },
                          {
                              "name": "maxlength",
                              "length": 20
                          }
                      ]
                  },
                  {
                      "type": "Slider",
                      "name": "title1FontSize",
                      "label": "Text Font Size",
                      "options": [
                          15,
                          30
                      ]
                  },
                  {
                      "type": "Font Style",
                      "name": "title1FontStyle",
                      "label": "Text Font Style"
                  },
                  {
                      "type": "Dropdown",
                      "name": "textOneFontFamily",
                      "label": "Text Font Family"
                  },
                  {
                      "type": "Color Picker",
                      "name": "title1TextColor",
                      "label": "Text Color"
                  },
                  {
                      "type": "Input",
                      "name": "sectionContent1",
                      "label": "Section Content 1",
                      "errors": [
                          {
                              "name": "required"
                          },
                          {
                              "name": "maxlength",
                              "length": 20
                          }
                      ]
                  },
                  {
                      "type": "Slider",
                      "name": "content1FontSize",
                      "label": "Text Font Size",
                      "options": [
                          15,
                          30
                      ]
                  },
                  {
                      "type": "Font Style",
                      "name": "content1FontStyle",
                      "label": "Text Font Style"
                  },
                  {
                      "type": "Dropdown",
                      "name": "textTwoFontFamily",
                      "label": "Text Font Family"
                  },
                  {
                      "type": "Color Picker",
                      "name": "content1TextColor",
                      "label": "Text Color"
                  }
              ]
          },
          {
              "groupName": "Section 2 Settings",
              "groupControls": [
                  {
                      "type": "Input",
                      "name": "sectionTitle2",
                      "label": "Section Title 2",
                      "errors": [
                          {
                              "name": "required"
                          },
                          {
                              "name": "maxlength",
                              "length": 20
                          }
                      ]
                  },
                  {
                      "type": "Slider",
                      "name": "title2FontSize",
                      "label": "Text Font Size",
                      "options": [
                          15,
                          30
                      ]
                  },
                  {
                      "type": "Font Style",
                      "name": "title2FontStyle",
                      "label": "Text Font Style"
                  },
                  {
                      "type": "Dropdown",
                      "name": "textThreeFontFamily",
                      "label": "Text Font Family"
                  },
                  {
                      "type": "Color Picker",
                      "name": "title2TextColor",
                      "label": "Text Color"
                  },
                  {
                      "type": "Input",
                      "name": "sectionContent2",
                      "label": "Section Content 2",
                      "errors": [
                          {
                              "name": "required"
                          },
                          {
                              "name": "maxlength",
                              "length": 20
                          }
                      ]
                  },
                  {
                      "type": "Slider",
                      "name": "content2FontSize",
                      "label": "Text Font Size",
                      "options": [
                          15,
                          30
                      ]
                  },
                  {
                      "type": "Font Style",
                      "name": "content2FontStyle",
                      "label": "Text Font Style"
                  },
                  {
                      "type": "Dropdown",
                      "name": "textFourFontFamily",
                      "label": "Text Font Family"
                  },
                  {
                      "type": "Color Picker",
                      "name": "content2TextColor",
                      "label": "Text Color"
                  }
              ]
          },
          {
              "groupName": "Section 3 Settings",
              "groupControls": [
                  {
                      "type": "Input",
                      "name": "sectionTitle3",
                      "label": "Section Title 3",
                      "errors": [
                          {
                              "name": "required"
                          },
                          {
                              "name": "maxlength",
                              "length": 20
                          }
                      ]
                  },
                  {
                      "type": "Slider",
                      "name": "title3FontSize",
                      "label": "Text Font Size",
                      "options": [
                          15,
                          30
                      ]
                  },
                  {
                      "type": "Font Style",
                      "name": "title3FontStyle",
                      "label": "Text Font Style"
                  },
                  {
                      "type": "Dropdown",
                      "name": "textFiveFontFamily",
                      "label": "Text Font Family"
                  },
                  {
                      "type": "Color Picker",
                      "name": "title3TextColor",
                      "label": "Text Color"
                  },
                  {
                      "type": "Input",
                      "name": "sectionContent3",
                      "label": "Section Content 3",
                      "errors": [
                          {
                              "name": "required"
                          },
                          {
                              "name": "maxlength",
                              "length": 20
                          }
                      ]
                  },
                  {
                      "type": "Slider",
                      "name": "content3FontSize",
                      "label": "Text Font Size",
                      "options": [
                          15,
                          30
                      ]
                  },
                  {
                      "type": "Font Style",
                      "name": "content3FontStyle",
                      "label": "Text Font Style"
                  },
                  {
                      "type": "Dropdown",
                      "name": "textSixFontFamily",
                      "label": "Text Font Family"
                  },
                  {
                      "type": "Color Picker",
                      "name": "content3TextColor",
                      "label": "Text Color"
                  }
              ]
          }
      ]
  },
  {
      "id": 4,
      "sectionName": "Awards and Achievements",
      "isExistingComponent": true,
      "controls": [
          {
              "groupName": "Section Text Settings",
              "groupControls": [
                  {
                      "type": "Input",
                      "name": "sectionHeading",
                      "label": "Section Heading",
                      "errors": [
                          {
                              "name": "required"
                          },
                          {
                              "name": "maxlength",
                              "length": 20
                          }
                      ]
                  },
                  {
                      "type": "Slider",
                      "name": "headingTextSize",
                      "label": "Text Font Size",
                      "options": [
                          20,
                          80
                      ]
                  },
                  {
                      "type": "Font Style",
                      "name": "headingFontStyle",
                      "label": "Text Font Style"
                  },
                  {
                      "type": "Dropdown",
                      "name": "textFontFamily",
                      "label": "Text Font Family"
                  },
                  {
                      "type": "Color Picker",
                      "name": "headingColor",
                      "label": "Text Color"
                  },
                  {
                      "type": "Input",
                      "name": "sectionSubHeading",
                      "label": "Section Sub Heading",
                      "errors": [
                          {
                              "name": "required"
                          },
                          {
                              "name": "maxlength",
                              "length": 20
                          }
                      ]
                  },
                  {
                      "type": "Slider",
                      "name": "subHeadingTextSize",
                      "label": "Text Font Size",
                      "options": [
                          20,
                          80
                      ]
                  },
                  {
                      "type": "Font Style",
                      "name": "subHeadingFontStyle",
                      "label": "Text Font Style"
                  },
                  {
                      "type": "Dropdown",
                      "name": "subtextFontFamily",
                      "label": "Text Font Family"
                  },
                  {
                      "type": "Color Picker",
                      "name": "subHeadingColor",
                      "label": "Text Color"
                  }
              ]
          },
          {
              "groupName": "Awards Section",
              "groupControls": [
                  {
                      "type": "ArrayOfObjects",
                      "name": "achievements",
                      "label": "Achievements"
                  }
              ]
          }
      ]
  }
]