[
  {
      "id": 1,
      "sectionName": "Home banner",
      "isExistingComponent": true,
      "controls": [
          {
              "type": "Banner Layout",
              "name": "bannerDetails",
              "label": "Banner Details"
          }
      ]
  },
  {
      "id": 2,
      "sectionName": "Contact-Us",
      "isExistingComponent": true,
      "controls": [
          {
              "groupName": "Contact Information Settings",
              "groupControls": [
                  {
                      "type": "Input",
                      "name": "title",
                      "label": "Heading text",
                      "errors": [
                          {
                              "name": "required"
                          },
                          {
                              "name": "maxlength",
                              "length": 100
                          }
                      ]
                  },
                  {
                      "type": "Color Picker",
                      "name": "color",
                      "label": "Font color"
                  },
                  {
                      "type": "Slider",
                      "name": "textSize",
                      "label": "Font size",
                      "options": [
                          10,
                          60
                      ]
                  },
                  {
                      "type": "Radio",
                      "name": "textAlign",
                      "label": "Align",
                      "options": [
                          {
                              "name": "Left",
                              "value": "left"
                          },
                          {
                              "name": "Center",
                              "value": "center"
                          },
                          {
                              "name": "Right",
                              "value": "right"
                          }
                      ]
                  },
                  {
                      "type": "Font Style",
                      "name": "fontstyle",
                      "label": "Heading style"
                  },
                  {
                      "type": "Dropdown",
                      "name": "textFontFamily",
                      "label": "Font family"
                  },
                  {
                      "type": "Input",
                      "name": "textone",
                      "label": "Subheading text",
                      "errors": [
                          {
                              "name": "required"
                          },
                          {
                              "name": "maxlength",
                              "length": 200
                          }
                      ]
                  },
                  {
                      "type": "Color Picker",
                      "name": "textonecolor",
                      "label": "Font color"
                  },
                  {
                      "type": "Slider",
                      "name": "textonetextSize",
                      "label": "Font size",
                      "options": [
                          10,
                          60
                      ]
                  },
                  {
                      "type": "Font Style",
                      "name": "textonefontstyle",
                      "label": "Font style"
                  },
                  {
                      "type": "Dropdown",
                      "name": "textOneFontFamily",
                      "label": "Font family"
                  },
                  {
                      "type": "Input",
                      "name": "texttwo",
                      "label": "Heading text",
                      "errors": [
                          {
                              "name": "required"
                          },
                          {
                              "name": "maxlength",
                              "length": 300
                          }
                      ]
                  },
                  {
                      "type": "Color Picker",
                      "name": "texttwocolor",
                      "label": "Font color"
                  },
                  {
                      "type": "Slider",
                      "name": "texttwotextSize",
                      "label": "Font size",
                      "options": [
                          10,
                          60
                      ]
                  },
                  {
                      "type": "Font Style",
                      "name": "texttwofontstyle",
                      "label": "Font style"
                  },
                  {
                      "type": "Dropdown",
                      "name": "textTwoFontFamily",
                      "label": "Font family"
                  }
              ]
          },
          {
              "groupName": "Contact-us Form Settings",
              "groupControls": [
                  {
                      "type": "Contact Form",
                      "name": "formSetting",
                      "label": "Form Settings"
                  }
              ]
          }
      ]
  },
  {
      "id": 3,
      "sectionName": "Contact-Us-Policy",
      "isExistingComponent": true,
      "controls": [
          {
              "groupName": "Contact Us Policy",
              "groupControls": [
                  {
                      "type": "Image",
                      "name": "image",
                      "label": "Backround image"
                  },
                  {
                      "type": "Input",
                      "name": "title",
                      "label": "Heading text",
                      "errors": [
                          {
                              "name": "required"
                          },
                          {
                              "name": "maxlength",
                              "length": 100
                          }
                      ]
                  },
                  {
                      "type": "Color Picker",
                      "name": "color",
                      "label": "Font color"
                  },
                  {
                      "type": "Slider",
                      "name": "textSize",
                      "label": "Font size",
                      "options": [
                          10,
                          60
                      ]
                  },
                  {
                      "type": "Radio",
                      "name": "textAlign",
                      "label": "Align",
                      "options": [
                          {
                              "name": "Left",
                              "value": "left"
                          },
                          {
                              "name": "Center",
                              "value": "center"
                          },
                          {
                              "name": "Right",
                              "value": "right"
                          }
                      ]
                  },
                  {
                      "type": "Font Style",
                      "name": "fontstyle",
                      "label": "Heading style"
                  },
                  {
                      "type": "Dropdown",
                      "name": "textFontFamily",
                      "label": " Font family"
                  }
              ]
          },
          {
              "groupName": "Contact Us Support 1",
              "groupControls": [
                  {
                      "type": "Input",
                      "name": "textone",
                      "label": "Heading text",
                      "errors": [
                          {
                              "name": "required"
                          },
                          {
                              "name": "maxlength",
                              "length": 50
                          }
                      ]
                  },
                  {
                      "type": "Color Picker",
                      "name": "textonecolor",
                      "label": "Heading font color"
                  },
                  {
                      "type": "Slider",
                      "name": "textonetextSize",
                      "label": "Heading font size",
                      "options": [
                          10,
                          40
                      ]
                  },
                  {
                      "type": "Font Style",
                      "name": "textonefontstyle",
                      "label": "Heading font style"
                  },
                  {
                      "type": "Dropdown",
                      "name": "textOneFontFamily",
                      "label": "Heading font family"
                  },
                  {
                      "type": "Input",
                      "name": "texttwo",
                      "label": "Description text",
                      "errors": [
                          {
                              "name": "required"
                          },
                          {
                              "name": "maxlength",
                              "length": 100
                          }
                      ]
                  },
                  {
                      "type": "Color Picker",
                      "name": "texttwocolor",
                      "label": "Description font color"
                  },
                  {
                      "type": "Slider",
                      "name": "texttwotextSize",
                      "label": "Description font size",
                      "options": [
                          10,
                          40
                      ]
                  },
                  {
                      "type": "Font Style",
                      "name": "texttwofontstyle",
                      "label": "Description font style"
                  },
                  {
                      "type": "Dropdown",
                      "name": "textTwoFontFamily",
                      "label": "Description font family"
                  }
              ]
          },
          {
              "groupName": "Contact Us Support 2",
              "groupControls": [
                  {
                      "type": "Input",
                      "name": "textthree",
                      "label": "Heading text",
                      "errors": [
                          {
                              "name": "required"
                          },
                          {
                              "name": "maxlength",
                              "length": 50
                          }
                      ]
                  },
                  {
                      "type": "Color Picker",
                      "name": "textthreecolor",
                      "label": "Heading font color"
                  },
                  {
                      "type": "Slider",
                      "name": "textthreetextSize",
                      "label": "Heading font size",
                      "options": [
                          10,
                          40
                      ]
                  },
                  {
                      "type": "Font Style",
                      "name": "textthreefontstyle",
                      "label": "Heading font style"
                  },
                  {
                      "type": "Dropdown",
                      "name": "textThreeFontFamily",
                      "label": "Heading font family"
                  },
                  {
                      "type": "Input",
                      "name": "textfour",
                      "label": "Description text",
                      "errors": [
                          {
                              "name": "required"
                          },
                          {
                              "name": "maxlength",
                              "length": 100
                          }
                      ]
                  },
                  {
                      "type": "Color Picker",
                      "name": "textfourcolor",
                      "label": "Description font color"
                  },
                  {
                      "type": "Slider",
                      "name": "textfourtextSize",
                      "label": "Description font size",
                      "options": [
                          10,
                          40
                      ]
                  },
                  {
                      "type": "Font Style",
                      "name": "textfourfontstyle",
                      "label": "Description font style"
                  },
                  {
                      "type": "Dropdown",
                      "name": "textFourFontFamily",
                      "label": "Description font family"
                  }
              ]
          },
          {
              "groupName": "Contact Us Support 3",
              "groupControls": [
                  {
                      "type": "Input",
                      "name": "textfive",
                      "label": "Heading text",
                      "errors": [
                          {
                              "name": "required"
                          },
                          {
                              "name": "maxlength",
                              "length": 50
                          }
                      ]
                  },
                  {
                      "type": "Color Picker",
                      "name": "textfivecolor",
                      "label": "Heading font color"
                  },
                  {
                      "type": "Slider",
                      "name": "textfivetextSize",
                      "label": "Heading font size",
                      "options": [
                          10,
                          40
                      ]
                  },
                  {
                      "type": "Font Style",
                      "name": "textfivefontstyle",
                      "label": "Heading font style"
                  },
                  {
                      "type": "Dropdown",
                      "name": "textFiveFontFamily",
                      "label": "Heading font family"
                  },
                  {
                      "type": "Input",
                      "name": "textsix",
                      "label": "Description Text",
                      "errors": [
                          {
                              "name": "required"
                          },
                          {
                              "name": "maxlength",
                              "length": 100
                          }
                      ]
                  },
                  {
                      "type": "Color Picker",
                      "name": "textsixcolor",
                      "label": "Description font color"
                  },
                  {
                      "type": "Slider",
                      "name": "textsixtextSize",
                      "label": "Description font size",
                      "options": [
                          10,
                          40
                      ]
                  },
                  {
                      "type": "Font Style",
                      "name": "textsixfontstyle",
                      "label": "Description font Style"
                  },
                  {
                      "type": "Dropdown",
                      "name": "textSixFontFamily",
                      "label": "Description font family"
                  }
              ]
          }
      ]
  }
]