[
  {
      "sectionId": 3,
      "details": {
          "productListDetails": {
              "productCardDesign": "retailProductList",
              "productCount": 20,
              "gridStyle": "fixed",
              "columnGap": 30,
              "rowGap": 30,
              "aspectWidth": "1",
              "aspectHeight": "1",
              "imageSize": "contain",
              "isDisplayPrice": true,
              "isFavoriteMainProduct": true,
              "manyStockLabel": "Many In Stock",
              "availabilityHeading": "Availability",
              "taxButtonText": "Inclusive Tax",
              "isDisplayRating": true,
              "showNavigationsection": true,
              "showFilterAndSort": true,
              "textSize": 16,
              "columnNo": 4,
              "isAddButtonEnabled": true,
              "addToBagButtonText": "Add to Bag",
              "isStar": true,
              "ratingColor": "#ffd700",
              "restaurantFoodCategory": false,
              "filterData": {
                  "showSortOption": true,
                  "showFilterOption": true,
                  "sortArray": [
                      {
                          "display": "Name : Ascending",
                          "isVisible": true,
                          "value": {
                              "fieldName": "name",
                              "order": "ASC"
                          }
                      },
                      {
                          "display": "Name : Descending",
                          "isVisible": true,
                          "value": {
                              "fieldName": "name",
                              "order": "DESC"
                          }
                      },
                      {
                          "display": "Price : Highest first",
                          "isVisible": true,
                          "value": {
                              "fieldName": "price",
                              "order": "DESC"
                          }
                      },
                      {
                          "display": "Price : Lowest first",
                          "isVisible": true,
                          "value": {
                              "fieldName": "price",
                              "order": "ASC"
                          }
                      }
                  ],
                  "filterArray": [
                      {
                          "filterName": "Price",
                          "type": "check-box",
                          "fieldName": "price",
                          "optionType": "Range",
                          "isDefault": true,
                          "isVisible": true,
                          "options": [
                              {
                                  "display": "$0 - $499",
                                  "value": {
                                      "begin": 0,
                                      "end": 499
                                  }
                              },
                              {
                                  "display": "$500 - $999",
                                  "value": {
                                      "begin": 500,
                                      "end": 999
                                  }
                              },
                              {
                                  "display": "$1000 - $1999",
                                  "value": {
                                      "begin": 1000,
                                      "end": 1999
                                  }
                              },
                              {
                                  "display": "$2000 - $3999",
                                  "value": {
                                      "begin": 2000,
                                      "end": 3999
                                  }
                              },
                              {
                                  "display": "$4000 - $10000",
                                  "value": {
                                      "begin": 4000,
                                      "end": 10000
                                  }
                              }
                          ]
                      },
                      {
                          "filterName": "Stock",
                          "type": "radio-option",
                          "fieldName": "stock",
                          "optionType": "Simple",
                          "isDefault": true,
                          "isVisible": true,
                          "options": [
                              {
                                  "display": "Instock",
                                  "value": "inStock"
                              },
                              {
                                  "display": "Out of stock",
                                  "value": "outOfStock"
                              }
                          ]
                      }
                  ]
              }
          }
      },
      "script": "themes/bundle/shared-theme/common-parent-product-list.js",
      "innerScript": [
          "themes/bundle/shared-theme/common-product-list.js",
          "themes/bundle/shared-theme/product-filter.js",
          "themes/bundle/shared-theme/variants-and-modifier.js",
          "themes/bundle/shared-theme/common-timer.js"
      ],
      "selectorDetails": {
          "selector": "phase-ii-common-parent-product-list",
          "inputData": [
              {
                  "selectorInput": "salesCountdownTimerDiscounts",
                  "handlerInput": "sampleData.salesCountdownTimerDiscounts",
                  "functionName": "getAllSalesCountdownTimerDiscounts"
              },
              {
                  "selectorInput": "categoryList",
                  "handlerInput": "sampleData.categoryList",
                  "functionName": "getCategories"
              },
              {
                  "selectorInput": "productPageDetails",
                  "handlerInput": "previewDetails.storePageSetup.savedPageContent",
                  "functionName": "getFilterDetails"
              },
              {
                  "selectorInput": "productArray",
                  "handlerInput": "sampleData.productArray"
              },
              {
                  "selectorInput": "orderId",
                  "handlerInput": "sampleData.orderId"
              },
              {
                  "selectorInput": "customerId",
                  "handlerInput": "sampleData.customerId"
              },
              {
                  "selectorInput": "paginationDetails",
                  "handlerInput": "sampleData.paginationDetails"
              },
              {
                  "selectorInput": "menuCategoryAvailability",
                  "handlerInput": "sampleData.menuCategoryAvailability"
              },
              {
                  "selectorInput": "productOrders",
                  "handlerInput": "sampleData.productOrders",
                  "functionName": "getProductOrders"
              },
              {
                  "selectorInput": "selectedDetails",
                  "handlerInput": "sampleData.selectedDetails"
              },
              {
                  "selectorInput": "foodCategories",
                  "handlerInput": "sampleData.foodCategories",
                  "functionName": "getFoodCategories"
              },
              {
                  "selectorInput": "foodSelectedCategoryId",
                  "handlerInput": "sampleData.foodSelectedCategoryId"
              },
              {
                  "selectorInput": "cartProductArray",
                  "handlerInput": "sampleData.cartProductArray"
              },
              {
                  "selectorInput": "productDetails",
                  "handlerInput": "sampleData.productDetails"
              },
              {
                  "selectorInput": "isWishlist",
                  "handlerInput": "sampleData.isWishlist"
              },
              {
                  "selectorInput": "salesCountdownTimerOffers",
                  "handlerInput": "sampleData.salesCountdownTimerOffers"
              }
          ],
          "outputData": [
              {
                  "selectorOutput": "filterResult",
                  "handlerFunction": "filterAction"
              },
              {
                  "selectorOutput": "pageToNavigate",
                  "handlerFunction": "pageToNavigate"
              },
              {
                  "selectorOutput": "updatedQuantity",
                  "handlerFunction": "addToCartProduct"
              },
              {
                  "selectorOutput": "addRemoveFromWishlist",
                  "handlerFunction": "addRemoveFromWishlist"
              },
              {
                  "selectorOutput": "emitData",
                  "handlerFunction": "onDataEmit"
              },
              {
                  "selectorOutput": "selectedCategoryDetails",
                  "handlerFunction": "selectedCategoryEmit"
              },
              {
                  "selectorOutput": "foodCategory",
                  "handlerFunction": "getFoodCategory"
              },
              {
                  "selectorOutput": "searchTextEmit",
                  "handlerFunction": "searchTextEmitRetail"
              },
              {
                  "selectorOutput": "cartData",
                  "handlerFunction": "addToCart"
              },
              {
                  "selectorOutput": "getCartProductArray",
                  "handlerFunction": "getCartProducts"
              },
              {
                  "selectorOutput": "getOneProduct",
                  "handlerFunction": "getOneProductDetails"
              },
              {
                  "selectorOutput": "recentlyViewed",
                  "handlerFunction": "createRecentlyViewedProducts"
              },
              {
                  "selectorOutput": "selectedVariant",
                  "handlerFunction": "getWishlistDetails"
              }
          ]
      },
      "sectionName": "Product List",
      "isExistingComponent": true,
      "sampleData": {
          "categoryList": [
              {
                  "id": 1,
                  "categoryName": "Sneakers",
                  "subCategory": [
                      {
                          "id": 1,
                          "categoryName": "Plimsoll",
                          "subCategory": []
                      },
                      {
                          "id": 2,
                          "categoryName": "High-Tops",
                          "subCategory": []
                      },
                      {
                          "id": 3,
                          "categoryName": "Slip-On Sneakers",
                          "subCategory": []
                      },
                      {
                          "id": 4,
                          "categoryName": "Dad Shoes",
                          "subCategory": []
                      },
                      {
                          "id": 5,
                          "categoryName": "Skate Shoes",
                          "subCategory": []
                      }
                  ]
              },
              {
                  "id": 2,
                  "categoryName": "Boots",
                  "subCategory": []
              }
          ],
          "selectedDetails": {
              "categoryDetails": {
                  "id": 1,
                  "categoryName": "Sneakers",
                  "category": {
                      "id": 1,
                      "name": "Sneakers"
                  }
              },
              "filterDetails": {},
              "searchText": null
          },
          "foodCategories": [
              {
                  "id": 0,
                  "name": "All"
              },
              {
                  "id": 1,
                  "name": "Veg",
                  "color": "green"
              },
              {
                  "id": 2,
                  "name": "Non-veg",
                  "color": "red"
              }
          ],
          "productArray": [
              {
                  "id": 1,
                  "productId": "prod-1",
                  "name": "Men's Blue Sneakers",
                  "featuredImage": "themes/retail/footwearTheme/mens-blue-sneakers.png",
                  "price": "825.00",
                  "costComparePrice": "1000.00",
                  "propertyValueId": null,
                  "multiLocationProductStocks": [],
                  "multiLocationVariantStocks": [
                      {
                          "id": 7,
                          "stock": 55,
                          "qtyOnHold": null
                      }
                  ],
                  "ratings": 4,
                  "qty": 4,
                  "quantity": 0,
                  "show": true
              },
              {
                  "id": 2,
                  "productId": "prod-2",
                  "name": "Men's Rust Brown Leather Sneakers",
                  "featuredImage": "themes/retail/footwearTheme/mens-rust-brown-leather-sneakers.png",
                  "price": "420.00",
                  "costComparePrice": "635.00",
                  "propertyValueId": null,
                  "multiLocationProductStocks": [],
                  "multiLocationVariantStocks": [
                      {
                          "id": 8,
                          "stock": 50,
                          "qtyOnHold": null
                      }
                  ],
                  "ratings": 3,
                  "qty": 3,
                  "quantity": 0,
                  "show": true
              },
              {
                  "id": 3,
                  "productId": "prod-3",
                  "name": "Men's Grey Colourblocked Leather Sneakers",
                  "featuredImage": "themes/retail/footwearTheme/mens-grey-colourblocked-leather-sneakers.png",
                  "price": "1599.00",
                  "costComparePrice": "2500.00",
                  "propertyValueId": null,
                  "multiLocationProductStocks": [],
                  "multiLocationVariantStocks": [
                      {
                          "id": 9,
                          "stock": 0,
                          "qtyOnHold": null
                      }
                  ],
                  "ratings": 5,
                  "qty": 2,
                  "quantity": 0,
                  "show": true
              },
              {
                  "id": 4,
                  "productId": "prod-4",
                  "name": "Men's Grey Colourblocked Cushioned Foot Leather Sneakers",
                  "featuredImage": "themes/retail/footwearTheme/mens-grey-colourblocked-cushioned-foot-leather-sneakers.png",
                  "price": "800.00",
                  "costComparePrice": "1000.00",
                  "propertyValueId": null,
                  "multiLocationProductStocks": [],
                  "multiLocationVariantStocks": [
                      {
                          "id": 10,
                          "stock": 55,
                          "qtyOnHold": null
                      }
                  ],
                  "ratings": 2.5,
                  "qty": 5,
                  "quantity": 0
              },
              {
                  "id": 5,
                  "productId": "prod-5",
                  "name": "Men's Tan Leather Sneakers",
                  "featuredImage": "themes/retail/footwearTheme/mens-tan-leather-sneakers.png",
                  "price": "500.00",
                  "costComparePrice": "800.00",
                  "propertyValueId": null,
                  "multiLocationProductStocks": [],
                  "multiLocationVariantStocks": [],
                  "ratings": 1.5,
                  "qty": 4,
                  "quantity": 0
              },
              {
                  "id": 6,
                  "productId": "prod-6",
                  "name": "Men's Black Leather Sneakers",
                  "featuredImage": "themes/retail/footwearTheme/mens-black-leather-sneakers.png",
                  "price": "200.00",
                  "costComparePrice": "250.00",
                  "propertyValueId": null,
                  "multiLocationProductStocks": [],
                  "multiLocationVariantStocks": [
                      {
                          "id": 12,
                          "stock": 50,
                          "qtyOnHold": null
                      }
                  ],
                  "ratings": 2,
                  "qty": 3,
                  "quantity": 0
              },
              {
                  "id": 7,
                  "productId": "prod-7",
                  "name": "Men's Brown Leather Cushioned Foot Sneakers",
                  "featuredImage": "themes/retail/footwearTheme/mens-brown-leather-cushioned-foot-sneakers.png",
                  "price": "299.00",
                  "costComparePrice": "599.00",
                  "propertyValueId": null,
                  "multiLocationProductStocks": [],
                  "multiLocationVariantStocks": [
                      {
                          "id": 12,
                          "stock": 10,
                          "qtyOnHold": null
                      }
                  ],
                  "ratings": 2,
                  "qty": 3,
                  "quantity": 0
              },
              {
                  "id": 8,
                  "productId": "prod-8",
                  "name": "Men's Brown Leather Sneakers",
                  "featuredImage": "themes/retail/footwearTheme/mens-brown-leather-sneakers.png",
                  "price": "599.00",
                  "costComparePrice": "999.00",
                  "propertyValueId": null,
                  "multiLocationProductStocks": [],
                  "multiLocationVariantStocks": [
                      {
                          "id": 12,
                          "stock": 0,
                          "qtyOnHold": null
                      }
                  ],
                  "ratings": 2,
                  "qty": 3,
                  "quantity": 0
              },
              {
                  "id": 9,
                  "productId": "prod-9",
                  "name": "Men's Round-toe Brown Leather Sneakers",
                  "featuredImage": "themes/retail/footwearTheme/mens-round-toe-brown-leather-sneakers.png",
                  "price": "200.00",
                  "costComparePrice": "250.00",
                  "propertyValueId": null,
                  "multiLocationProductStocks": [],
                  "multiLocationVariantStocks": [
                      {
                          "id": 12,
                          "stock": 50,
                          "qtyOnHold": null
                      }
                  ],
                  "ratings": 2,
                  "qty": 3,
                  "quantity": 0
              },
              {
                  "id": 10,
                  "productId": "prod-10",
                  "name": "Men's Green Leather Sneakers",
                  "featuredImage": "themes/retail/footwearTheme/mens-green-leather-sneakers.png",
                  "price": "250.00",
                  "costComparePrice": "350.00",
                  "propertyValueId": null,
                  "multiLocationProductStocks": [],
                  "multiLocationVariantStocks": [
                      {
                          "id": 12,
                          "stock": 0,
                          "qtyOnHold": null
                      }
                  ],
                  "ratings": 2,
                  "qty": 3,
                  "quantity": 0
              }
          ],
          "orderId": null,
          "customerId": 1,
          "paginationDetails": {
              "limit": 10,
              "offset": 0,
              "itemsCount": 30,
              "listDataSource": [
                  {},
                  {},
                  {}
              ]
          },
          "menuCategoryAvailability": [],
          "productOrders": [],
          "salesCountdownTimerOffers": {}
      },
      "isVisible": true
  },
  {
      "sectionId": 4,
      "details": {},
      "script": "themes/bundle/shared-theme/scroll-top.js",
      "selectorDetails": {
          "selector": "phase-ii-scroll-top",
          "inputData": [],
          "outputData": []
      },
      "sectionName": "Scroll Top",
      "isExistingComponent": true,
      "sampleData": null
  }
]