[
    {
        "sectionId": 1,
        "details": {
            "storyEnable": true,
            "sectionTitle": "Our Story",
            "textFontStyle": [
                "B"
            ],
            "textFontFamily": "'Montserrat',sans-serif",
            "textSize": 32,
            "textColor": "#000000",
            "companyQuote": "States largest omnichannel fashion destination",
            "subtextFontStyle": [
                "B"
            ],
            "subtextFontFamily": "'Montserrat',sans-serif",
            "subTextSize": 16,
            "subTextColor": "#000000",
            "companyStoryPara1": "Everything you see at Zen Fashion is hand-selected and 100 percent authentic; it was specifically sourced for you from the greatest brands and their authorized resellers in the US and throughout the world.",
            "companyStoryPara2": "Begin your journey online with one of the fastest growing, e-commerce brands in the country and have a seamless online shopping experience. Immerse yourself in the joy of browsing through the best brands in fashion.",
            "backgroundImage": "themes/retail/about-banner-background.jpg",
            "imageBackgroundSizeType": "cover",
            "valuesEnable": true,
            "valuesHeading": "The Values We Abide By",
            "valueTitleFontStyle": [
                "B"
            ],
            "valueTitleFontFamily": "'Montserrat',sans-serif",
            "valueTitleSize": 22,
            "valueTitleColor": "#000000",
            "values": "We believe that the Zen Fashion woman deserves nothing but the best, purest, most trustworthy and wellness products money can buy. From our inception, we have strived to set the benchmark in product quality control so that our customers are assured of receiving only 100% genuine and fresh products. Unlike other online players, we NEVER source anything from the ‘grey market’, only offering products that are 100% authentic and sourced directly from the brands or their authorized distributors. This authenticity extends to all aspects of how we run our business and we’re always bettering our processes to ensure we’re always delivering the best."
        },
        "selectorDetails": {
            "selector": "retail-aboutus-story",
            "inputData": [
                {
                    "selectorInput": "storyData",
                    "handlerInput": "previewDetails.storePageSetup.savedPageContent"
                }
            ],
            "outputData": []
        },
        "isExistingComponent": true,
        "isVisible": true,
        "script": "themes/bundle/zenFashion/zenfashion-aboutus.js"
    },
    {
        "sectionId": 2,
        "details": {
            "sectionTitle": "A Day In the life Of Our's",
            "textFontFamily": "'Montserrat',sans-serif",
            "textColor": "#000000",
            "textFontStyle": [
                "B"
            ],
            "textSize": 32,
            "isCaption": true,
            "galleryImages": [
                {
                    "imageUrl": "themes/retail/gallery-image-1.jpg"
                },
                {
                    "imageUrl": "themes/retail/gallery-image-2.jpg"
                },
                {
                    "imageUrl": "themes/retail/gallery-image-3.jpg"
                },
                {
                    "imageUrl": "themes/retail/gallery-image-4.jpg"
                },
                {
                    "imageUrl": "themes/retail/gallery-image-5.jpg"
                },
                {
                    "imageUrl": "themes/retail/gallery-image-6.jpg"
                },
                {
                    "imageUrl": "themes/retail/gallery-image-7.png"
                },
                {
                    "imageUrl": "themes/retail/gallery-image-8.jpg"
                },
                {
                    "imageUrl": "themes/retail/gallery-image-9.jpg"
                }
            ]
        },
        "selectorDetails": {
            "selector": "retail-aboutus-gallery",
            "inputData": [
                {
                    "selectorInput": "galleryData",
                    "handlerInput": "previewDetails.storePageSetup.savedPageContent"
                }
            ],
            "outputData": []
        },
        "isExistingComponent": true,
        "isVisible": true,
        "script": "themes/bundle/zenFashion/zenfashion-aboutus.js"
    },
    {
        "sectionId": 3,
        "details": {
            "sectionTitle": "Our Team",
            "textFontStyle": [
                "B"
            ],
            "textFontFamily": "'Montserrat',sans-serif",
            "textSize": 32,
            "textColor": "#000000",
            "retailQuote": "Retail is all about detail",
            "subtextFontStyle": [
                "I",
                "B"
            ],
            "subtextFontFamily": "'Montserrat',sans-serif",
            "subTextSize": 18,
            "subTextColor": "#000000",
            "teamContent": "Her attention to detail, involvement in every aspect of the firm and passion for the business are qualities that make her a great leader. Assisting Falguni is a driven team of enthusiastic professionals drawn from myriad fields, all united in their common goal of changing the face of beauty. Through exclusive launches, product innovation, sharp communication and appealing design elements, the Zen Fashion Team aspires to reach new echelons. The team has grown exponentially, with two offices in Portland and Hillsboro. At the heart of our growth is the 1000+ Zen Fashion Army, an enthusiastic, motivated group of women and men committed to bring the magic and delight of beauty to your doorstep.",
            "teamDetails": [
                {
                    "caption": "An accomplished  Computer Engineer, Sanjay shows a keen interest in building high impact teams and scalable software platforms. He brings his years of experience working at companies like Oracle Corporation, TriVium Systems, Amazon and Tradus.com to the table and is the main man leading our Tech team.",
                    "imageUrl": "themes/retail/team-image-1.jpeg",
                    "name": "Daniel T",
                    "profession": "CTO"
                },
                {
                    "caption": "Reena joined us in 2016 as CEO, ZEN Fashion, the private label arm of our e-commerce platform. With her 20+ years of experience in the retail industry, she has developed a reputation for being a strategist and an astute business planner and has been instrumental in taking the Zen Fashion’s private label to new heights by introducing new product lines and increasing distribution.",
                    "imageUrl": "themes/retail/team-image-2.jpg",
                    "name": "Eva Brown",
                    "profession": "CEO - Private Label"
                },
                {
                    "caption": "Manoj joined Zen Fashion as VP Operations and Chief Supply Chain Officer and has ensured the processes and operations run like clockwork. With over a decade of experience in companies like Seventymm Services Pvt.Ltd, Future Group and ibibo Group, he is responsible for designing d-commerce, m-commerce & e-commerce specific creative implementations for sourcing, order fulfillment, inventory management & warehouse operations.",
                    "imageUrl": "themes/retail/team-image-3.jpeg",
                    "name": "Thomas",
                    "profession": "VP, Operations & CSO"
                },
                {
                    "caption": "An IIMA alumnus, he is a qualified Chartered Accountant, Company Secretary and financial professional with over two decades of experience with market leaders. Arvind has honed his skills across a financial gamut that includes accounting, reporting, financial controls and regulatory matters on one side, and commercially orientated business partnering and financial planning and analysis on other side. Arvind will as part of the leadership team drive the company's growth plan and set financial milestones and targets for the future.",
                    "imageUrl": "themes/retail/team-image-4.jpg",
                    "name": "Francis",
                    "profession": "Chief Financial Officer"
                }
            ],
            "showImage": true,
            "showProfession": true
        },
        "selectorDetails": {
            "selector": "retail-aboutus-team",
            "inputData": [
                {
                    "selectorInput": "teamData",
                    "handlerInput": "previewDetails.storePageSetup.savedPageContent"
                }
            ],
            "outputData": []
        },
        "isExistingComponent": true,
        "isVisible": true,
        "script": "themes/bundle/zenFashion/zenfashion-aboutus.js"
    },
    {
        "sectionId": 4,
        "details": {
            "sectionTitle": "Who we are?",
            "textFontStyle": [
                "B"
            ],
            "textFontFamily": "'Montserrat',sans-serif",
            "textSize": 24,
            "textColor": "#000000",
            "whoWeAreContent": [
                {
                    "caption": "Rockstar team players",
                    "subCaption": "eCommerce is all about working in teams",
                    "imageUrl": "themes/retail/who-we-are-1.svg"
                },
                {
                    "caption": "Authenticity",
                    "subCaption": "We are committed to the 100% authenticity of all product offerings",
                    "imageUrl": "themes/retail/who-we-are-2.svg"
                },
                {
                    "caption": "Big dreamers",
                    "subCaption": "Because nothing is impossible in our minds",
                    "imageUrl": "themes/retail/who-we-are-3.svg"
                }
            ]
        },
        "selectorDetails": {
            "selector": "retail-aboutus-whoweare",
            "inputData": [
                {
                    "selectorInput": "whoWeAreData",
                    "handlerInput": "previewDetails.storePageSetup.savedPageContent"
                }
            ],
            "outputData": []
        },
        "isExistingComponent": true,
        "isVisible": true,
        "script": "themes/bundle/zenFashion/zenfashion-aboutus.js"
    },
    {
        "sectionId": 5,
        "details": {
            "sectionTitle": "What Our Customers Are Saying About Us",
            "textFontStyle": [
                "B"
            ],
            "textFontFamily": "'Montserrat',sans-serif",
            "textSize": 24,
            "textColor": "#000000",
            "showCustomerName": true,
            "showCustomerImage": true,
            "isEditor": false
        },
        "selectorDetails": {
            "selector": "retail-aboutus-testimonials",
            "inputData": [
                {
                    "selectorInput": "testimonialData",
                    "handlerInput": "previewDetails.storePageSetup.savedPageContent"
                },
                {
                    "selectorInput": "testimonials",
                    "handlerInput": "sampleData.testimonials",
                    "functionName": "getTestimonials"
                }
            ],
            "outputData": []
        },
        "isExistingComponent": true,
        "sampleData": {
            "testimonials": [
                {
                    "id": 1,
                    "heading": "Bengaluru, Karnataka",
                    "subHeading": null,
                    "content": "If you're looking for high-quality fabrics and expert tailoring, Zen-Fashion is the place to go. Their stitching is impeccable and their clothes are always comfortable and flattering.",
                    "imageUrl": "testimonial/testimonial-1.jpeg",
                    "author": "Ramesh Kumar",
                    "storeId": 272,
                    "designation": null
                },
                {
                    "id": 2,
                    "heading": "Thiruvananthapuram, Kerala",
                    "subHeading": null,
                    "content": "Zen-Fashion is my go-to store for ethnic wear. Their collection of kurtas and tunics is always on-trend and affordable, and I love how easy it is to mix and match different pieces.",
                    "imageUrl": "testimonial/testimonial-2.jpg",
                    "author": "Deepa Nair",
                    "storeId": 272,
                    "designation": null
                },
                {
                    "id": 3,
                    "heading": "Chennai, Tamil Nadu",
                    "subHeading": null,
                    "content": "I was impressed by the customer service at Zen-Fashion. The staff was knowledgeable and helpful, and they went above and beyond to make sure I found the perfect outfit for a family event.",
                    "imageUrl": "testimonial/testimonial-3.jpg",
                    "author": "Rajeshwari Iyer",
                    "storeId": 272,
                    "designation": null
                }
            ]
        },
        "isVisible": true,
        "script": "themes/bundle/zenFashion/zenfashion-aboutus.js"
    },
    {
        "sectionId": 6,
        "details": {
            "knowAboutUsEnable": true,
            "sectionTitle": "Things You Didn’t Know About Us",
            "textFontStyle": [
                "B"
            ],
            "textFontFamily": "'Montserrat',sans-serif",
            "textSize": 24,
            "textColor": "#000000",
            "subHeader": "Get to know us better",
            "subtextFontStyle": [
                "B"
            ],
            "subtextFontFamily": "'Montserrat',sans-serif",
            "subTextSize": 14,
            "subTextColor": "#000000",
            "knowAboutUs": [
                {
                    "caption": "The first order ever placed on Zen Fashion was on October 24, 2012.",
                    "imageUrl": "themes/retail/know-about-us-1.png"
                },
                {
                    "caption": "2018 was a watershed year. We successfully launched four new offerings.",
                    "imageUrl": "themes/retail/know-about-us-2.png"
                },
                {
                    "caption": "The first two products sold on Zen Fashion were L’Oreal Paris Color Riche Intense Lipstick (Burning Rose), and Maybelline New York Express Finish Nail Color (Pearly Pink)",
                    "imageUrl": "themes/retail/know-about-us-3.png"
                }
            ],
            "awardsEnable": true,
            "awardHeading": "Awards",
            "awardHeadingFontStyle": [
                "B"
            ],
            "awardHeadingFontFamily": "'Montserrat',sans-serif",
            "awardHeadingSize": 24,
            "awardHeadingColor": "#000000",
            "awardDetail": [
                {
                    "type": "Corporate",
                    "awards": [
                        {
                            "imageUrl": "themes/retail/corporate-1.jpeg",
                            "caption": "Retail Leadership Summit in 2019 - Emerging Retailer of the Year Award - 2019"
                        },
                        {
                            "imageUrl": "themes/retail/corporate-2.jfif",
                            "caption": "ET Now Global Awards for Retail Excellence - \"Individual category Young Retail Professional of the Year - below 35\" - 2020"
                        },
                        {
                            "imageUrl": "themes/retail/corporate-3.jfif",
                            "caption": "ET Now Global Awards for Retail Excellence - \"Retailer of the year - organisation Beauty, wellness & fitness\" - 2020"
                        },
                        {
                            "imageUrl": "themes/retail/corporate-4.jpg",
                            "caption": "IBG Annual Business Excellence Awards - Start up of the Year - 2020"
                        }
                    ]
                },
                {
                    "type": "Products",
                    "awards": [
                        {
                            "imageUrl": "themes/retail/products-1.jpg",
                            "caption": "Vogue Beauty Awards - Contour Palette, Eyel 24/7 Kajal and Brow Chika Wow Eyebrow Pencil-2019"
                        },
                        {
                            "imageUrl": "themes/retail/products-2.jpg",
                            "caption": "ELLE Beauty Awards - Nail Enamels - 2019"
                        },
                        {
                            "imageUrl": "themes/retail/products-3.jpg",
                            "caption": "Vogue Beauty Festival - Zenbasket Wanderlust Shower Gel Japanese Cherry Blossom - 2020"
                        },
                        {
                            "imageUrl": "themes/retail/products-4.jpg",
                            "caption": "Vogue Beauty Festival - Kay Beauty Seafront Nail Colour - 2020"
                        }
                    ]
                },
                {
                    "type": "Content & Marketing",
                    "awards": [
                        {
                            "imageUrl": "themes/retail/content-marketing-1.jpg",
                            "caption": "Content Marketing Summit and Awards - Most Innovative Content Distribution Strategy - 2019"
                        },
                        {
                            "imageUrl": "themes/retail/content-marketing-2.jpg",
                            "caption": "Women In Corporate Awards 2019 - Trailblazer WICA - 2019"
                        },
                        {
                            "imageUrl": "themes/retail/content-marketing-3.jpg",
                            "caption": "ICMA - Best Content Marketing Annual Plan - Gold - 2019"
                        }
                    ]
                }
            ]
        },
        "selectorDetails": {
            "selector": "retail-know-aboutus",
            "inputData": [
                {
                    "selectorInput": "knowAboutUsData",
                    "handlerInput": "previewDetails.storePageSetup.savedPageContent"
                }
            ],
            "outputData": []
        },
        "isExistingComponent": true,
        "isVisible": true,
        "script": "themes/bundle/zenFashion/zenfashion-aboutus.js"
    }
]