[
    {
        "id": 1,
        "sectionName": "Home",
        "isExistingComponent": true,
        "controls": [
            {
                "groupName": "Banner Settings",
                "groupControls": [
                    {
                        "type": "ArrayOfObjects",
                        "name": "bookDetails",
                        "label": "Slider Settings"
                    },
                    {
                        "type": "Color Picker",
                        "name": "color",
                        "label": "Background color 1"
                    },
                    {
                        "type": "Color Picker",
                        "name": "subcolor",
                        "label": "Background color 2"
                    }
                ]
            },
            {
                "groupName": "Header Settings",
                "groupControls": [
                    {
                        "type": "Color Picker",
                        "name": "titlecolor",
                        "label": "Font color"
                    },
                    {
                        "type": "Slider",
                        "name": "textSize",
                        "label": "Font size",
                        "options": [
                            10,
                            40
                        ]
                    },
                    {
                        "type": "Font Style",
                        "name": "fontstyle",
                        "label": "Heading style"
                    },
                    {
                        "type": "Dropdown",
                        "name": "textFontFamily",
                        "label": "Font family"
                    },
                    {
                        "type": "Color Picker",
                        "name": "colorone",
                        "label": "Font color"
                    },
                    {
                        "type": "Slider",
                        "name": "textSizeone",
                        "label": "Font size",
                        "options": [
                            10,
                            40
                        ]
                    },
                    {
                        "type": "Font Style",
                        "name": "fontstyleone",
                        "label": "Heading style"
                    },
                    {
                        "type": "Dropdown",
                        "name": "textOneFontFamily",
                        "label": "Font Family"
                    },
                    {
                        "type": "Color Picker",
                        "name": "colortwo",
                        "label": "Font color"
                    },
                    {
                        "type": "Color Picker",
                        "name": "backgroundColor",
                        "label": "Background color"
                    },
                    {
                        "type": "Slider",
                        "name": "textSizetwo",
                        "label": "Font size",
                        "options": [
                            10,
                            40
                        ]
                    },
                    {
                        "type": "Font Style",
                        "name": "fontstyletwo",
                        "label": "Heading style"
                    },
                    {
                        "type": "Dropdown",
                        "name": "textTwoFontFamily",
                        "label": "Font family"
                    },
                    {
                        "type": "Dropdown",
                        "name": "buttonLink",
                        "label": "Redirect to"
                    }
                ]
            }
        ]
    },
    {
        "id": 2,
        "sectionName": "Feautured_Products",
        "isExistingComponent": true,
        "controls": [
            {
                "groupName": "Header Settings",
                "groupControls": [
                    {
                        "type": "Input",
                        "name": "title",
                        "label": "Heading text",
                        "errors": [
                            {
                                "name": "required"
                            },
                            {
                                "name": "maxlength",
                                "length": 40
                            }
                        ]
                    },
                    {
                        "type": "Color Picker",
                        "name": "color",
                        "label": "Font color"
                    },
                    {
                        "type": "Slider",
                        "name": "textSize",
                        "label": "Font size",
                        "options": [
                            10,
                            40
                        ]
                    },
                    {
                        "type": "Radio",
                        "name": "textalign",
                        "label": "Section heading alignment",
                        "options": [
                            {
                                "name": "Left",
                                "value": "left"
                            },
                            {
                                "name": "Center",
                                "value": "center"
                            },
                            {
                                "name": "Right",
                                "value": "right"
                            }
                        ]
                    },
                    {
                        "type": "Font Style",
                        "name": "fontstyle",
                        "label": "Heading style"
                    },
                    {
                        "type": "Dropdown",
                        "name": "textFontFamily",
                        "label": "Font family"
                    }
                ]
            },
            {
                "groupName": "Button Settings",
                "groupControls": [
                    {
                        "type": "Input",
                        "name": "button",
                        "label": "Button Text",
                        "errors": [
                            {
                                "name": "required"
                            },
                            {
                                "name": "maxlength",
                                "length": 20
                            }
                        ]
                    },
                    {
                        "type": "Color Picker",
                        "name": "buttontextcolor",
                        "label": "Font color"
                    },
                    {
                        "type": "Font Style",
                        "name": "buttonfontstyle",
                        "label": "Heading style"
                    },
                    {
                        "type": "Dropdown",
                        "name": "buttontextFontFamily",
                        "label": "Font family"
                    }
                ]
            }
        ]
    },
    {
        "id": 3,
        "sectionName": "Products_Category",
        "isExistingComponent": true,
        "controls": [
            {
                "groupName": "Header Settings",
                "groupControls": [
                    {
                        "type": "Input",
                        "name": "title",
                        "label": "Heading text",
                        "errors": [
                            {
                                "name": "required"
                            },
                            {
                                "name": "maxlength",
                                "length": 40
                            }
                        ]
                    },
                    {
                        "type": "Color Picker",
                        "name": "color",
                        "label": "Font color"
                    },
                    {
                        "type": "Slider",
                        "name": "textSize",
                        "label": "Font size",
                        "options": [
                            10,
                            40
                        ]
                    },
                    {
                        "type": "Radio",
                        "name": "textalign",
                        "label": "Section heading alignment",
                        "options": [
                            {
                                "name": "Left",
                                "value": "left"
                            },
                            {
                                "name": "Center",
                                "value": "center"
                            },
                            {
                                "name": "Right",
                                "value": "right"
                            }
                        ]
                    },
                    {
                        "type": "Font Style",
                        "name": "fontstyle",
                        "label": "Heading style"
                    },
                    {
                        "type": "Dropdown",
                        "name": "textFontFamily",
                        "label": "Font family"
                    }
                ]
            }
        ]
    },
    {
        "id": 4,
        "sectionName": "Testimonials",
        "isExistingComponent": true,
        "controls": [
            {
                "groupName": "General Settings",
                "groupControls": [
                    {
                        "type": "Color Picker",
                        "name": "backgroundColor",
                        "label": "Background color"
                    },
                    {
                        "type": "Color Picker",
                        "name": "startColor",
                        "label": "Star color"
                    },
                    {
                        "type": "Color Picker",
                        "name": "dotColor",
                        "label": "Slider dots color"
                    },
                    {
                        "type": "Color Picker",
                        "name": "activeDotColor",
                        "label": "Active dots color"
                    }
                ]
            },
            {
                "groupName": "Header Settings",
                "groupControls": [
                    {
                        "type": "Input",
                        "name": "title",
                        "label": "Heading text",
                        "errors": [
                            {
                                "name": "required"
                            },
                            {
                                "name": "maxlength",
                                "length": 40
                            }
                        ]
                    },
                    {
                        "type": "Color Picker",
                        "name": "color",
                        "label": "Font color"
                    },
                    {
                        "type": "Slider",
                        "name": "textSize",
                        "label": "Font size",
                        "options": [
                            10,
                            40
                        ]
                    },
                    {
                        "type": "Radio",
                        "name": "textalign",
                        "label": "Section heading alignment",
                        "options": [
                            {
                                "name": "Left",
                                "value": "left"
                            },
                            {
                                "name": "Center",
                                "value": "center"
                            },
                            {
                                "name": "Right",
                                "value": "right"
                            }
                        ]
                    },
                    {
                        "type": "Font Style",
                        "name": "fontstyle",
                        "label": "Heading style"
                    },
                    {
                        "type": "Dropdown",
                        "name": "textFontFamily",
                        "label": "Font family"
                    }
                ]
            },
            {
                "groupName": "Testimonial Settings",
                "groupControls": [
                    {
                        "type": "Color Picker",
                        "name": "colorone",
                        "label": "Content color"
                    },
                    {
                        "type": "Slider",
                        "name": "textSizeone",
                        "label": "Content font size",
                        "options": [
                            10,
                            32
                        ]
                    },
                    {
                        "type": "Font Style",
                        "name": "fontstyleone",
                        "label": "Content font style"
                    },
                    {
                        "type": "Dropdown",
                        "name": "textOneFontFamily",
                        "label": "Content font family"
                    },
                    {
                        "type": "Color Picker",
                        "name": "colortwo",
                        "label": "Author color"
                    },
                    {
                        "type": "Slider",
                        "name": "textSizetwo",
                        "label": "Author font size",
                        "options": [
                            10,
                            26
                        ]
                    },
                    {
                        "type": "Font Style",
                        "name": "fontstyletwo",
                        "label": "Author font style"
                    },
                    {
                        "type": "Dropdown",
                        "name": "textTwoFontFamily",
                        "label": "Author font family"
                    }
                ]
            }
        ]
    },
    {
        "id": 5,
        "sectionName": "Blogs",
        "isExistingComponent": true,
        "controls": [
            {
                "groupName": "Blog Style Settings",
                "groupControls": [
                    {
                        "type": "Dropdown",
                        "name": "blogDisplayStyle",
                        "label": "Blog Display Settings"
                    },
                    {
                        "type": "Color Picker",
                        "name": "backgroundColor",
                        "label": "Background Color",
                        "sectionInfo": "For All Template"
                    },
                    {
                        "type": "Color Picker",
                        "name": "cardColor",
                        "label": "Card Color",
                        "sectionInfo": "For Some Template"
                    }
                ]
            },
            {
                "groupName": "Heading Settings",
                "groupControls": [
                    {
                        "type": "Common Heading",
                        "name": "headingSettings",
                        "label": "Heading Settings"
                    }
                ]
            },
            {
                "groupName": "Image Settings",
                "groupControls": [
                    {
                        "type": "Radio",
                        "name": "cardImageSize",
                        "label": "Card Image Size",
                        "options": [
                            {
                                "name": "Crop",
                                "value": "cover"
                            },
                            {
                                "name": "Fit",
                                "value": "fill"
                            },
                            {
                                "name": "Contain",
                                "value": "contain"
                            }
                        ]
                    }
                ]
            },
            {
                "groupName": "Title Settings",
                "groupControls": [
                    {
                        "type": "Slider Toggle",
                        "name": "titleShow",
                        "label": "Title Show/Hide"
                    },
                    {
                        "type": "Color Picker",
                        "name": "titleColor",
                        "label": "Title Color"
                    },
                    {
                        "type": "Font Style",
                        "name": "titleFontStyle",
                        "label": "Title Font Size"
                    },
                    {
                        "type": "Dropdown",
                        "name": "textFontFamily",
                        "label": "Title Font Family"
                    },
                    {
                        "type": "Slider",
                        "name": "titleFontSize",
                        "label": "Title Font Size",
                        "options": [
                            10,
                            26
                        ]
                    },
                    {
                        "type": "Radio",
                        "name": "titleAlign",
                        "label": "Title Align",
                        "options": [
                            {
                                "name": "Left",
                                "value": "start"
                            },
                            {
                                "name": "Center",
                                "value": "center"
                            },
                            {
                                "name": "Right",
                                "value": "end"
                            }
                        ]
                    }
                ]
            },
            {
                "groupName": "Category Settings",
                "groupControls": [
                    {
                        "type": "Slider Toggle",
                        "name": "categoryShow",
                        "label": "Category Show/Hide"
                    },
                    {
                        "type": "Color Picker",
                        "name": "categoryColor",
                        "label": "Category Color"
                    },
                    {
                        "type": "Font Style",
                        "name": "categoryFontStyle",
                        "label": "Category Font Size"
                    },
                    {
                        "type": "Dropdown",
                        "name": "sectionFontFamily",
                        "label": "Category Font Family"
                    },
                    {
                        "type": "Slider",
                        "name": "categoryFontSize",
                        "label": "Category Font Size",
                        "options": [
                            10,
                            26
                        ]
                    },
                    {
                        "type": "Radio",
                        "name": "categoryAlign",
                        "label": "Category Align",
                        "options": [
                            {
                                "name": "Left",
                                "value": "start"
                            },
                            {
                                "name": "Center",
                                "value": "center"
                            },
                            {
                                "name": "Right",
                                "value": "end"
                            }
                        ]
                    }
                ]
            },
            {
                "groupName": "Author Name Settings",
                "groupControls": [
                    {
                        "type": "Slider Toggle",
                        "name": "authorShow",
                        "label": "Author Name Show/Hide"
                    },
                    {
                        "type": "Color Picker",
                        "name": "authorColor",
                        "label": "Author Name Color"
                    },
                    {
                        "type": "Font Style",
                        "name": "authorFontStyle",
                        "label": "Author Name Font Size"
                    },
                    {
                        "type": "Dropdown",
                        "name": "subtextFontFamily",
                        "label": "Author Name Font Family"
                    },
                    {
                        "type": "Slider",
                        "name": "authorFontSize",
                        "label": "Author Name Font Size",
                        "options": [
                            10,
                            26
                        ]
                    },
                    {
                        "type": "Radio",
                        "name": "authorAlign",
                        "label": "Author Name Align",
                        "options": [
                            {
                                "name": "Left",
                                "value": "start"
                            },
                            {
                                "name": "Center",
                                "value": "center"
                            },
                            {
                                "name": "Right",
                                "value": "end"
                            }
                        ]
                    }
                ]
            },
            {
                "groupName": "Date Settings",
                "groupControls": [
                    {
                        "type": "Slider Toggle",
                        "name": "dateShow",
                        "label": "Date Show/Hide"
                    },
                    {
                        "type": "Dropdown",
                        "name": "dateFormat",
                        "label": "Date Format",
                        "sectionInfo": "Example date",
                        "options": [
                            {
                                "name": "01 Jan 2024",
                                "value": "d MMM y"
                            },
                            {
                                "name": "01 January, 2024",
                                "value": "d MMMM, y"
                            },
                            {
                                "name": "01/20/2024",
                                "value": "shortDate"
                            },
                            {
                                "name": "Jan 01, 2024",
                                "value": "mediumDate"
                            },
                            {
                                "name": "January 01, 2024",
                                "value": "longDate"
                            },
                            {
                                "name": "Monday, January 01, 2024",
                                "value": "fullDate"
                            }
                        ]
                    },
                    {
                        "type": "Color Picker",
                        "name": "dateColor",
                        "label": "Date Color"
                    },
                    {
                        "type": "Font Style",
                        "name": "dateStyle",
                        "label": "Date Font Size"
                    },
                    {
                        "type": "Dropdown",
                        "name": "numberFontFamily",
                        "label": "Date Font Family"
                    },
                    {
                        "type": "Slider",
                        "name": "dateSize",
                        "label": "Date Font Size",
                        "options": [
                            10,
                            26
                        ]
                    },
                    {
                        "type": "Radio",
                        "name": "dateAlign",
                        "label": "Date Align",
                        "options": [
                            {
                                "name": "Left",
                                "value": "start"
                            },
                            {
                                "name": "Center",
                                "value": "center"
                            },
                            {
                                "name": "Right",
                                "value": "end"
                            }
                        ]
                    },
                    {
                        "type": "Color Picker",
                        "name": "dateIconColor",
                        "label": "Date Icon Color"
                    },
                    {
                        "type": "Slider Toggle",
                        "name": "dateIconEnabel",
                        "label": "Date Icon Enable"
                    }
                ]
            },
            {
                "groupName": "Card Button Settings",
                "groupControls": [
                    {
                        "type": "Button",
                        "name": "buttonDetails",
                        "Label": "Card Button Settings"
                    },
                    {
                        "type": "Radio",
                        "name": "cardButtonPosition",
                        "label": "Border Position",
                        "options": [
                            {
                                "name": "left",
                                "value": "start center"
                            },
                            {
                                "name": "center",
                                "value": "center center"
                            },
                            {
                                "name": "right",
                                "value": "end center"
                            }
                        ]
                    },
                    {
                        "type": "Slider Toggle",
                        "name": "cardButtonShow",
                        "label": "Show / Hide View Button"
                    }
                ]
            },
            {
                "groupName": "View More Button Settings",
                "groupControls": [
                    {
                        "type": "Button",
                        "name": "blogButton",
                        "Label": "Common Button Settings"
                    },
                    {
                        "type": "Radio",
                        "name": "viewButtonPosition",
                        "label": "Border Position",
                        "options": [
                            {
                                "name": "left",
                                "value": "start center"
                            },
                            {
                                "name": "center",
                                "value": "center center"
                            },
                            {
                                "name": "right",
                                "value": "end center"
                            }
                        ]
                    },
                    {
                        "type": "Slider Toggle",
                        "name": "viewButtonShow",
                        "label": "Show / Hide View Button"
                    }
                ]
            },
            {
                "groupName": "Navigation Icon Setings",
                "groupControls": [
                    {
                        "type": "Dropdown",
                        "name": "iconDesign",
                        "label": "Slider Icon Design",
                        "options": [
                            {
                                "name": "Design 1",
                                "value": "keyboard_arrow_left"
                            },
                            {
                                "name": "Design 2",
                                "value": "arrow_back"
                            },
                            {
                                "name": "Design 3",
                                "value": "subdirectory_arrow_left"
                            }
                        ]
                    },
                    {
                        "type": "Radio",
                        "name": "navigateButtonsAlignment",
                        "label": "Navigate Buttons Position",
                        "options": [
                            {
                                "name": "Left",
                                "value": "start center"
                            },
                            {
                                "name": "Center",
                                "value": "center center"
                            },
                            {
                                "name": "Right",
                                "value": "end center"
                            }
                        ]
                    },
                    {
                        "type": "Color Picker",
                        "name": "navigateButtonsColor",
                        "label": "Navigate Buttons Color "
                    },
                    {
                        "type": "Slider Toggle",
                        "name": "roundBorder",
                        "label": "Round Border"
                    },
                    {
                        "type": "Slider Toggle",
                        "name": "iconBorder",
                        "label": "Navigate Button Enabel"
                    }
                ]
            },
            {
                "groupName": "Additional Setings",
                "groupControls": [
                    {
                        "type": "Slider Toggle",
                        "name": "enableBorderLine",
                        "label": "Top Border Line"
                    },
                    {
                        "type": "Slider Toggle",
                        "name": "footerLineEnabel",
                        "label": "Footer Line Enable"
                    },
                    {
                        "type": "Slider",
                        "name": "roundedCard",
                        "options": [
                            0,
                            150
                        ],
                        "label": "Adjust the Blog Corner Radius."
                    },
                    {
                        "type": "Color Picker",
                        "name": "dividerColor",
                        "label": "Divider Color ",
                        "sectionInfo": "Template 4 Settings"
                    },
                    {
                        "type": "Slider",
                        "name": "dividerWidth",
                        "label": "Divider Width",
                        "options": [
                            10,
                            100
                        ]
                    }
                ]
            }
        ],
        "isMobileView": true,
        "isDesktopView": true
    }
]