[
  {
      "sectionId": 3,
      "details": {
          "productListDetails": {
              "productCardDesign": "retailProductList",
              "productCount": 20,
              "gridStyle": "fixed",
              "columnGap": 25,
              "rowGap": 25,
              "aspectWidth": "1",
              "aspectHeight": "1",
              "imageSize": "contain",
              "isDisplayPrice": true,
              "isFavoriteMainProduct": true,
              "manyStockLabel": "Many In Stock",
              "availabilityHeading": "Availability",
              "taxButtonText": "Inclusive Tax",
              "isDisplayRating": true,
              "showNavigationsection": true,
              "showFilterAndSort": true,
              "textSize": 16,
              "columnNo": 4,
              "isAddButtonEnabled": true,
              "addToBagButtonText": "Add to Bag",
              "isStar": true,
              "ratingColor": "#ffd700",
              "restaurantFoodCategory": false,
              "filterData": {
                  "showSortOption": true,
                  "showFilterOption": true,
                  "sortArray": [
                      {
                          "isVisible": true,
                          "display": "Name : Ascending",
                          "value": {
                              "fieldName": "name",
                              "order": "ASC"
                          }
                      },
                      {
                          "isVisible": true,
                          "display": "Name : Descending",
                          "value": {
                              "fieldName": "name",
                              "order": "DESC"
                          }
                      }
                  ],
                  "filterArray": [
                      {
                          "filterName": "Price",
                          "type": "check-box",
                          "fieldName": "price",
                          "optionType": "Range",
                          "isDefault": true,
                          "isVisible": true,
                          "options": [
                              {
                                  "display": "$0 - $499",
                                  "value": {
                                      "begin": 0,
                                      "end": 499
                                  }
                              },
                              {
                                  "display": "$500 - $999",
                                  "value": {
                                      "begin": 500,
                                      "end": 999
                                  }
                              },
                              {
                                  "display": "$1000 - $1999",
                                  "value": {
                                      "begin": 1000,
                                      "end": 1999
                                  }
                              },
                              {
                                  "display": "$2000 - $3999",
                                  "value": {
                                      "begin": 2000,
                                      "end": 3999
                                  }
                              },
                              {
                                  "display": "$4000 - $10000",
                                  "value": {
                                      "begin": 4000,
                                      "end": 10000
                                  }
                              }
                          ]
                      },
                      {
                          "filterName": "Customer Ratings",
                          "type": "radio-option",
                          "fieldName": "rating",
                          "optionType": "Condition",
                          "isDefault": true,
                          "isVisible": false,
                          "options": [
                              {
                                  "display": "4 stars & above",
                                  "value": {
                                      "op": ">",
                                      "value": 4
                                  }
                              },
                              {
                                  "display": "3 stars & above",
                                  "value": {
                                      "op": ">",
                                      "value": 3
                                  }
                              },
                              {
                                  "display": "2 stars & above",
                                  "value": {
                                      "op": ">",
                                      "value": 2
                                  }
                              },
                              {
                                  "display": "1 star & above",
                                  "value": {
                                      "op": ">",
                                      "value": 1
                                  }
                              }
                          ]
                      },
                      {
                          "filterName": "Stock",
                          "type": "radio-option",
                          "fieldName": "stock",
                          "optionType": "Simple",
                          "isDefault": true,
                          "isVisible": true,
                          "options": [
                              {
                                  "display": "Instock",
                                  "value": "inStock"
                              },
                              {
                                  "display": "Out of stock",
                                  "value": "outOfStock"
                              }
                          ]
                      }
                  ]
              }
          }
      },
      "selectorDetails": {
          "selector": "phase-ii-common-parent-product-list",
          "inputData": [
              {
                  "selectorInput": "salesCountdownTimerDiscounts",
                  "handlerInput": "sampleData.salesCountdownTimerDiscounts",
                  "functionName": "getAllSalesCountdownTimerDiscounts"
              },
              {
                  "selectorInput": "categoryList",
                  "handlerInput": "sampleData.categoryList",
                  "functionName": "getCategories"
              },
              {
                  "selectorInput": "productPageDetails",
                  "handlerInput": "previewDetails.storePageSetup.savedPageContent",
                  "functionName": "getFilterDetails"
              },
              {
                  "selectorInput": "productArray",
                  "handlerInput": "sampleData.productArray"
              },
              {
                  "selectorInput": "orderId",
                  "handlerInput": "sampleData.orderId"
              },
              {
                  "selectorInput": "customerId",
                  "handlerInput": "sampleData.customerId"
              },
              {
                  "selectorInput": "paginationDetails",
                  "handlerInput": "sampleData.paginationDetails"
              },
              {
                  "selectorInput": "menuCategoryAvailability",
                  "handlerInput": "sampleData.menuCategoryAvailability"
              },
              {
                  "selectorInput": "productOrders",
                  "handlerInput": "sampleData.productOrders",
                  "functionName": "getProductOrders"
              },
              {
                  "selectorInput": "selectedDetails",
                  "handlerInput": "sampleData.selectedDetails"
              },
              {
                  "selectorInput": "foodCategories",
                  "handlerInput": "sampleData.foodCategories",
                  "functionName": "getFoodCategories"
              },
              {
                  "selectorInput": "foodSelectedCategoryId",
                  "handlerInput": "sampleData.foodSelectedCategoryId"
              },
              {
                  "selectorInput": "cartProductArray",
                  "handlerInput": "sampleData.cartProductArray"
              },
              {
                  "selectorInput": "productDetails",
                  "handlerInput": "sampleData.productDetails"
              },
              {
                  "selectorInput": "isWishlist",
                  "handlerInput": "sampleData.isWishlist"
              },
              {
                  "selectorInput": "salesCountdownTimerOffers",
                  "handlerInput": "sampleData.salesCountdownTimerOffers"
              },
              {
                  "selectorInput": "salesCountdownTimerOffers",
                  "handlerInput": "sampleData.salesCountdownTimerOffers"
              }
          ],
          "outputData": [
              {
                  "selectorOutput": "filterResult",
                  "handlerFunction": "filterAction"
              },
              {
                  "selectorOutput": "pageToNavigate",
                  "handlerFunction": "pageToNavigate"
              },
              {
                  "selectorOutput": "updatedQuantity",
                  "handlerFunction": "addToCartProduct"
              },
              {
                  "selectorOutput": "addRemoveFromWishlist",
                  "handlerFunction": "addRemoveFromWishlist"
              },
              {
                  "selectorOutput": "emitData",
                  "handlerFunction": "onDataEmit"
              },
              {
                  "selectorOutput": "selectedCategoryDetails",
                  "handlerFunction": "selectedCategoryEmit"
              },
              {
                  "selectorOutput": "foodCategory",
                  "handlerFunction": "getFoodCategory"
              },
              {
                  "selectorOutput": "searchTextEmit",
                  "handlerFunction": "searchTextEmitRetail"
              },
              {
                  "selectorOutput": "cartData",
                  "handlerFunction": "addToCart"
              },
              {
                  "selectorOutput": "getCartProductArray",
                  "handlerFunction": "getCartProducts"
              },
              {
                  "selectorOutput": "getOneProduct",
                  "handlerFunction": "getOneProductDetails"
              },
              {
                  "selectorOutput": "recentlyViewed",
                  "handlerFunction": "createRecentlyViewedProducts"
              },
              {
                  "selectorOutput": "selectedVariant",
                  "handlerFunction": "getWishlistDetails"
              }
          ]
      },
      "sectionName": "Product List",
      "isExistingComponent": true,
      "sampleData": {
          "categoryList": [
              {
                  "id": 1,
                  "categoryName": "Hair Care",
                  "subCategory": [
                      {
                          "id": 1,
                          "categoryName": "Conditioners",
                          "subCategory": []
                      },
                      {
                          "id": 2,
                          "categoryName": "Sprays",
                          "subCategory": []
                      },
                      {
                          "id": 3,
                          "categoryName": "Straighteners",
                          "subCategory": []
                      },
                      {
                          "id": 4,
                          "categoryName": "Shampoos",
                          "subCategory": []
                      },
                      {
                          "id": 5,
                          "categoryName": "Rinses",
                          "subCategory": []
                      }
                  ]
              },
              {
                  "id": 2,
                  "categoryName": "Household Cleaning",
                  "subCategory": []
              },
              {
                  "id": 3,
                  "categoryName": "Fabric Wash",
                  "subCategory": []
              },
              {
                  "id": 4,
                  "categoryName": "Personal Wash",
                  "subCategory": []
              },
              {
                  "id": 5,
                  "categoryName": "Facial & Skin Care",
                  "subCategory": []
              },
              {
                  "id": 6,
                  "categoryName": "Oral Care",
                  "subCategory": []
              }
          ],
          "selectedDetails": {
              "categoryDetails": {
                  "id": 1,
                  "categoryName": "Hair Care",
                  "category": {
                      "id": 1,
                      "name": "Hair Care"
                  }
              },
              "filterDetails": {},
              "searchText": null
          },
          "foodCategories": [
              {
                  "id": 0,
                  "name": "All"
              },
              {
                  "id": 1,
                  "name": "Veg",
                  "color": "green"
              },
              {
                  "id": 2,
                  "name": "Non-veg",
                  "color": "red"
              }
          ],
          "productArray": [
              {
                  "id": 1,
                  "productId": "prod-1",
                  "name": "Eye Cream",
                  "featuredImage": "themes/retail/eye-cream.jpg",
                  "price": "25.00",
                  "costComparePrice": "30.00",
                  "propertyValueId": null,
                  "multiLocationProductStocks": [],
                  "multiLocationVariantStocks": [
                      {
                          "id": 7,
                          "stock": 55,
                          "qtyOnHold": null
                      }
                  ],
                  "ratings": 4,
                  "qty": 4,
                  "quantity": 0,
                  "show": true
              },
              {
                  "id": 2,
                  "productId": "prod-2",
                  "name": "Eye Mask",
                  "featuredImage": "themes/retail/eye-mask.jpg",
                  "price": "20.00",
                  "costComparePrice": "35.00",
                  "propertyValueId": null,
                  "multiLocationProductStocks": [],
                  "multiLocationVariantStocks": [
                      {
                          "id": 8,
                          "stock": 50,
                          "qtyOnHold": null
                      }
                  ],
                  "ratings": 3,
                  "qty": 3,
                  "quantity": 0,
                  "show": true
              },
              {
                  "id": 3,
                  "productId": "prod-3",
                  "name": "Eye Patch",
                  "featuredImage": "themes/retail/eye-patch.jpg",
                  "price": "15.00",
                  "costComparePrice": "50.00",
                  "propertyValueId": null,
                  "multiLocationProductStocks": [],
                  "multiLocationVariantStocks": [
                      {
                          "id": 9,
                          "stock": 0,
                          "qtyOnHold": null
                      }
                  ],
                  "ratings": 5,
                  "qty": 2,
                  "quantity": 0,
                  "show": true
              },
              {
                  "id": 4,
                  "productId": "prod-4",
                  "name": "Gold Eye Mask",
                  "featuredImage": "themes/retail/gold-eye-mask.jpg",
                  "price": "80.00",
                  "costComparePrice": "100.00",
                  "propertyValueId": null,
                  "multiLocationProductStocks": [],
                  "multiLocationVariantStocks": [
                      {
                          "id": 10,
                          "stock": 55,
                          "qtyOnHold": null
                      }
                  ],
                  "ratings": 2.5,
                  "qty": 5,
                  "quantity": 0
              },
              {
                  "id": 5,
                  "productId": "prod-5",
                  "name": "N95 Mask",
                  "featuredImage": "themes/retail/safety.jpg",
                  "price": "50.00",
                  "costComparePrice": "80.00",
                  "propertyValueId": null,
                  "multiLocationProductStocks": [],
                  "multiLocationVariantStocks": [],
                  "ratings": 1.5,
                  "qty": 4,
                  "quantity": 0
              },
              {
                  "id": 6,
                  "productId": "prod-6",
                  "name": "Men''s Beard kit",
                  "featuredImage": "themes/retail/beard-grooming-kit.jpg",
                  "price": "200.00",
                  "costComparePrice": "250.00",
                  "propertyValueId": null,
                  "multiLocationProductStocks": [],
                  "multiLocationVariantStocks": [
                      {
                          "id": 12,
                          "stock": 0,
                          "qtyOnHold": null
                      }
                  ],
                  "ratings": 2,
                  "qty": 3,
                  "quantity": 0
              }
          ],
          "orderId": null,
          "customerId": 1,
          "paginationDetails": {
              "limit": 10,
              "offset": 0,
              "itemsCount": 30,
              "listDataSource": [
                  {},
                  {},
                  {}
              ]
          },
          "menuCategoryAvailability": [],
          "productOrders": []
      },
      "isVisible": true,
      "salesCountdownTimerOffers": {}
  },
  {
      "sectionId": 4,
      "details": {},
      "selectorDetails": {
          "selector": "phase-ii-scroll-top",
          "inputData": [],
          "outputData": []
      },
      "sectionName": "Scroll Top",
      "isExistingComponent": true,
      "sampleData": null
  }
]