[
  {
    "sectionId": 2,
    "sectionName": "Content",
    "isExistingComponent": true,
    "details": {
      "isDisplayDisclaimer": true,
      "disclaimerText": "DISCLAIMER: Images shown are of virtual appearance",
      "disclaimerTextSize": 15,
      "disclaimerTextColor": "#ffffff",
      "disclaimerTextFontFamily": "Montserrat",
      "disclaimerTextFontStyle": [],
      "isDisplayAbout": true,
      "aboutTitle": "About",
      "titleTextSize": 17,
      "titleTextColor": "#ffffff",
      "textFontFamily": "Montserrat",
      "textFontStyle": [
        "B"
      ],
      "aboutText": "Highest standards in service is the hallmark of this chain.",
      "subtextSize": 15,
      "subtextColor": "#ffffff",
      "subtextFontFamily": "Montserrat",
      "subtextFontStyle": [],
      "otherMenusTitle": "Other Menus",
      "informationTitle": "Information",
      "contactTitle": "Contact",
      "contactIconColor": "#ffffff",
      "contactIconSize": 15,
      "footerContentAlignment": [
        {
          "name": "About",
          "templateName": "about"
        },
        {
          "name": "Other Menus",
          "templateName": "otherMenus"
        },
        {
          "name": "Information",
          "templateName": "information"
        },
        {
          "name": "Contact",
          "templateName": "contact"
        }
      ],
      "copyrightTextSize": 15,
      "copyrightTextColor": "#ffffff",
      "copyrightTextFontFamily": "Montserrat",
      "copyrightTextFontStyle": []
    },
    "sampleData": null,
    "selectorDetails": {
      "selector": "phase-ii-footer",
      "inputData": [
        {
          "selectorInput": "footerDetails",
          "handlerInput": "previewDetails.storePageSetup.savedPageContent"
        }
      ],
      "outputData": []
    }
  },
  {
    "sectionId": 1,
    "sectionName": "Background",
    "isExistingComponent": true,
    "details": {
      "backgroundColorType": "solid",
      "backgroundColor": "#373737",
      "gradientColor1": "#9a9494",
      "gradientColor2": "#464040",
      "copyRightBackgroundColor": "#2c2b2b"
    },
    "sampleData": null
  }
]