[
  {
    "id": 1,
    "sectionName": "Background",
    "isExistingComponent": true,
    "controls": [
      {
        "groupName": "Footer Background Settings",
        "groupControls": [
          {
            "type": "Radio",
            "name": "backgroundColorType",
            "label": "Background Color Type",
            "options": [
              {
                "name": "Solid",
                "value": "solid"
              },
              {
                "name": "Gradient",
                "value": "gradient"
              }
            ]
          },
          {
            "type": "Color Picker",
            "name": "backgroundColor",
            "label": "Section Background"
          },
          {
            "type": "Color Picker",
            "name": "gradientColor1",
            "label": "Color 1"
          },
          {
            "type": "Color Picker",
            "name": "gradientColor2",
            "label": "Color 2"
          }
        ]
      },
      {
        "groupName": "Copyright Background Settings",
        "groupControls": [
          {
            "type": "Color Picker",
            "name": "copyRightBackgroundColor",
            "label": "Copyrights Background"
          }
        ]
      }
    ]
  },
  {
    "id": 2,
    "sectionName": "Content",
    "isExistingComponent": true,
    "controls": [
      {
        "groupName": "Disclaimer Settings",
        "groupControls": [
          {
            "type": "Checkbox",
            "name": "isDisplayDisclaimer",
            "label": "Display disclaimer text"
          },
          {
            "type": "Input",
            "name": "disclaimerText",
            "label": "Disclaimer Text"
          },
          {
            "type": "Slider",
            "name": "disclaimerTextSize",
            "label": "Disclaimer Text Size",
            "options": [
              10,
              40
            ]
          },
          {
            "type": "Color Picker",
            "name": "disclaimerTextColor",
            "label": "Disclaimer Text Color"
          },
          {
            "type": "Dropdown",
            "name": "disclaimerTextFontFamily",
            "label": "Disclaimer Text FontFamily"
          },
          {
            "type": "Font Style",
            "name": "disclaimerTextFontStyle",
            "label": "Disclaimer Text FontStyle"
          }
        ]
      },
      {
        "groupName": "Text Settings",
        "groupControls": [
          {
            "type": "Checkbox",
            "name": "isDisplayAbout",
            "label": "Display About Text"
          },
          {
            "type": "Input",
            "name": "aboutTitle",
            "label": "About Title",
            "errors": [
              {
                "name": "required"
              },
              {
                "name": "maxlength",
                "length": 20
              }
            ]
          },
          {
            "type": "Text Area",
            "name": "aboutText",
            "label": "About Text",
            "errors": [
              {
                "name": "required"
              },
              {
                "name": "maxlength",
                "length": 100
              }
            ]
          },
          {
            "type": "Input",
            "name": "otherMenusTitle",
            "label": "Other Menus Title",
            "errors": [
              {
                "name": "required"
              },
              {
                "name": "maxlength",
                "length": 20
              }
            ]
          },
          {
            "type": "Input",
            "name": "informationTitle",
            "label": "Information Title",
            "errors": [
              {
                "name": "required"
              },
              {
                "name": "maxlength",
                "length": 20
              }
            ]
          },
          {
            "type": "Input",
            "name": "contactTitle",
            "label": "Contact Title",
            "errors": [
              {
                "name": "required"
              },
              {
                "name": "maxlength",
                "length": 20
              }
            ]
          },
          {
            "type": "Slider",
            "name": "titleTextSize",
            "label": "Section Title Text Size",
            "options": [
              10,
              40
            ]
          },
          {
            "type": "Color Picker",
            "name": "titleTextColor",
            "label": "Section Title Text Color"
          },
          {
            "type": "Dropdown",
            "name": "textFontFamily",
            "label": "Section Title Text FontFamily"
          },
          {
            "type": "Font Style",
            "name": "textFontStyle",
            "label": "Section Title Text FontStyle"
          },
          {
            "type": "Slider",
            "name": "subtextSize",
            "label": "Section Content Text Size",
            "options": [
              10,
              40
            ]
          },
          {
            "type": "Color Picker",
            "name": "subtextColor",
            "label": "Section Content Text Color"
          },
          {
            "type": "Dropdown",
            "name": "subtextFontFamily",
            "label": "Section Content Text FontFamily"
          },
          {
            "type": "Font Style",
            "name": "subtextFontStyle",
            "label": "Section Content Text FontStyle"
          }
        ]
      },
      {
        "groupName": "Icon Settings",
        "groupControls": [
          {
            "type": "Slider",
            "name": "contactIconSize",
            "label": "Contact Icon Size",
            "options": [
              10,
              40
            ]
          },
          {
            "type": "Color Picker",
            "name": "contactIconColor",
            "label": "Contact Icon Color"
          }
        ]
      },
      {
        "groupName": "Content Alignment",
        "groupControls": [
          {
            "type": "Horizontal Sorting",
            "name": "footerContentAlignment",
            "label": "Sort Footer Content"
          }
        ]
      },
      {
        "groupName": "Copyright Settings",
        "groupControls": [
          {
            "type": "Slider",
            "name": "copyrightTextSize",
            "label": "Copyright Text Size",
            "options": [
              10,
              40
            ]
          },
          {
            "type": "Color Picker",
            "name": "copyrightTextColor",
            "label": "Copyright Text Color"
          },
          {
            "type": "Dropdown",
            "name": "copyrightTextFontFamily",
            "label": "Copyright Text FontFamily"
          },
          {
            "type": "Font Style",
            "name": "copyrightTextFontStyle",
            "label": "Copyright Text FontStyle"
          }
        ]
      }
    ]
  }
]