[
  {
      "sectionId": 1,
      "details": {
        "isTitle":true,
          "image": "themes/camera/contactbanner.jpeg",
          "title": "CONTACT US",
          "color": "#FFFFFF",
          "textSize": 34,
          "fontstyle": [
              "B"
          ],
          "textFontFamily": "'Palatino Linotype',serif"
      },
      "selectorDetails": {
          "selector": "phase-ii-camera-aboutus-banner",
          "inputData": [
              {
                  "selectorInput": "displayDetails",
                  "handlerInput": "previewDetails.storePageSetup.savedPageContent"
              }
          ],
          "outputData": [
              {
                  "selectorOutput": "pageToNavigate",
                  "handlerFunction": "pageToNavigate"
              }
          ]
      },
      "sectionName": "contactus_banner",
      "isExistingComponent": true,
      "sampleData": {},
      "isVisible": true,
      "script": "themes/bundle/electronic/camera-theme/camera-about-us.js"
  },
  {
      "sectionId": 2,
      "details": {
          "image": "themes/camera/Getintouch.png",
          "formSetting": {
            "formCard": false,
            "formOnly": true,
            "nameSplit": false,
            "showTitle": false,
            "buttonText": "Get in Touch",
            "buttonType": "flat",
            "emailField": true,
            "suffixIcon": true,
            "buttonColor": "#ff4500",
            "buttonRadius": 5,
            "showSubtitle": false,
            "templateName": "templateOne",
            "formFieldFill": true,
            "backgroundType": "none",
            "buttonTextSize": null,
            "contactNoField": true,
            "formFieldColor": "rgba(255,255,255,0.2)",
            "inputTextColor": "dark",
            "buttonAlignment": "center",
            "buttonTextColor": "#fff",
            "formFieldDesign": "rounded",
            "normalLineColor": "#fff",
            "focusedLineColor": "#065677",
            "normalLabelColor": "#fff",
            "buttonBorderColor": "#000",
            "focusedLabelColor": "#065677",
            "formFieldLabelOut": false,
            "contactusalignment": "center",
            "formFieldAppearence": "outline"
          }
      },
      "selectorDetails": {
          "selector": "phase-ii-camera-theme-message",
          "inputData": [
              {
                  "selectorInput": "message",
                  "handlerInput": "previewDetails.storePageSetup.savedPageContent"
              }
          ],
          "outputData": [
              {
                  "selectorOutput": "pageToNavigate",
                  "handlerFunction": "pageToNavigate"
              }
          ]
      },
      "sectionName": "message",
      "isExistingComponent": true,
      "sampleData": {},
      "isVisible": true,
      "script": "themes/bundle/electronic/camera-theme/camera-contact-us.js",
      "innerScript": [
          "themes/bundle/shared-theme/common-form.js"
      ]
  },
  {
      "sectionId": 3,
      "details": {
          "image": "themes/camera/smone.jpg",
          "imagetwo": "themes/camera/smtwo.jpg",
          "imagethree": "themes/camera/smthree.jpg",
          "backgroundcolor": "#000000",
          "showFacebook": true,
          "facebook": "#ffffff",
          "facebookLink": "https://www.facebook.com/ZenBasket/",
          "showInstagram": true,
          "instagram": "#ffffff",
          "instagramLink": "https://www.instagram.com/zenbasket",
          "showYoutube": true,
          "youtube": "#ffffff",
          "youtubeLink": "https://www.youtube.com/@zenbasketecommerce",
          "headingSettings": {
              "headingText": "Contact Details",
              "isBorder": false,
              "borderStyle": null,
              "isTextShadow": false,
              "isBackgroundColor": true,
              "textAlign": "left",
              "headingTextColor": "#fff",
              "backgroundColor": "#000",
              "headingFontSize": 40,
              "headingStyle": [
                  "B"
              ],
              "titleFontFamily": "'Helvetica',sans-serif",
              "headingTransform": "capitalize",
              "borderColor": "#717171",
              "borderType": "customBorder",
              "customBorderType": "verticalBorder",
              "customBorderHeight": 4,
              "customBorderWidth": 34,
              "cutomBorderType": "solid",
              "defaultBorderType": "solid",
              "invertBorder": false,
              "cutomBorderHorizondalPosition": 5,
              "insidePaddingX": 5,
              "insidePaddingY": 0,
              "outsidePaddingX": 5,
              "outsidePaddingY": 7
          },
          "bgColor": "#000",
          "iconColor": "#3f4043",
          "iconBorderColor": "#000",
          "headerColor": "#fff",
          "headerFontStyle": [
              "B"
          ],
          "textFontFamily": "'Helvetica',sans-serif",
          "headerTextSize": 25,
          "contentColor": "#fff",
          "contentFontStyle": [
              "B"
          ],
          "contentTextSize": 15,
          "needWorkingHours": false
      },
      "selectorDetails": {
          "selector": "phase-ii-camera-theme-media",
          "inputData": [
              {
                  "selectorInput": "media",
                  "handlerInput": "previewDetails.storePageSetup.savedPageContent"
              },
              {
                  "selectorInput": "locationDetails",
                  "handlerInput": "sampleData.preview",
                  "functionName": "setWorkingDays"
              }
          ],
          "outputData": [
              {
                  "selectorOutput": "pageToNavigate",
                  "handlerFunction": "pageToNavigate"
              }
          ]
      },
      "sectionName": "media",
      "isExistingComponent": true,
      "sampleData": {
          "preview": {
              "locationDetails": [
                  {
                      "id": 75,
                      "addressId": 160,
                      "locationName": "Florida Office",
                      "workingHoursData": [
                          {
                              "days": "Mon",
                              "time": "09:00 AM - 12:00 PM",
                              "isStoreActive": null
                          },
                          {
                              "days": "Tue",
                              "time": "09:00 AM - 12:00 PM",
                              "isStoreActive": null
                          }
                      ],
                      "closingHoursData": [
                          {
                              "days": "Mon",
                              "time": "09:00 AM - 04:00 PM",
                              "isStoreActive": null
                          }
                      ],
                      "address": {
                          "id": 160,
                          "importId": null,
                          "addressLine1": "1099 Breckinridge Ave Lake Placid",
                          "mobileNumber": "8636990080",
                          "email": "floridazen@gmail.com"
                      }
                  },
                  {
                      "id": 50,
                      "addressId": 157,
                      "locationName": "Texas Office",
                      "workingHoursData": [
                          {
                              "days": "Wed",
                              "time": "09:00 AM - 12:00 PM",
                              "isStoreActive": null
                          }
                      ],
                      "closingHoursData": [
                          {
                              "days": "Wed",
                              "time": "09:00 AM - 04:00 PM",
                              "isStoreActive": null
                          }
                      ],
                      "address": {
                          "id": 157,
                          "importId": null,
                          "addressLine1": "2700 W Iris Ave Mcallen",
                          "mobileNumber": "9566827152",
                          "email": "texaszen@example.com"
                      }
                  },
                  {
                      "id": 52,
                      "addressId": 156,
                      "locationName": "New York Office",
                      "workingHoursData": [
                          {
                              "days": "Wed",
                              "time": "09:00 AM - 12:00 PM",
                              "isStoreActive": null
                          }
                      ],
                      "closingHoursData": [
                          {
                              "days": "Fri",
                              "time": "09:00 AM - 04:00 PM",
                              "isStoreActive": null
                          }
                      ],
                      "orderPlacingTimes": [],
                      "address": {
                          "id": 156,
                          "importId": null,
                          "addressLine1": "9433 Johnson Rd Middleport",
                          "mobileNumber": "7166557129",
                          "email": "newyorkzen@gmail.com"
                      }
                  }
              ]
          }
      },
      "isVisible": true,
      "script": "themes/bundle/electronic/camera-theme/camera-contact-us.js",
      "innerScript": [
          "themes/bundle/retail/nascent-theme/contact-us.js"
      ]
  }
]