[
  {
      "id": 1,
      "sectionName": "contactus_banner",
      "isExistingComponent": true,
      "controls": [
          {
              "groupName": "Banner Settings",
              "groupControls": [
                  {
                      "type": "Image",
                      "name": "image",
                      "label": "Upload image"
                  },
                  {
                      "type": "Input",
                      "name": "title",
                      "label": "Text",
                      "errors": [
                          {
                              "name": "required"
                          },
                          {
                              "name": "maxlength",
                              "length": 100
                          }
                      ]
                  },
                  {
                      "type": "Color Picker",
                      "name": "color",
                      "label": "Font color"
                  },
                  {
                      "type": "Slider",
                      "name": "textSize",
                      "label": "Font size",
                      "options": [
                          10,
                          50
                      ]
                  },
                  {
                      "type": "Font Style",
                      "name": "fontstyle",
                      "label": "Font style"
                  },
                  {
                      "type": "Dropdown",
                      "name": "textFontFamily",
                      "label": " Font family"
                  }
              ]
          }
      ]
  },
  {
      "id": 2,
      "sectionName": "message",
      "isExistingComponent": true,
      "controls": [
          {
              "groupName": "Contact-us Form Settings",
              "groupControls": [
                  {
                      "type": "Image",
                      "name": "image",
                      "label": "image"
                  },
                  {
                      "type": "Contact Form",
                      "name": "formSetting",
                      "label": "Form Settings"
                  }
              ]
          }
      ]
  },
  {
      "id": 3,
      "sectionName": "media",
      "isExistingComponent": true,
      "controls": [
          {
              "groupName": "Image Settings",
              "groupControls": [
                  {
                      "type": "Image",
                      "name": "image",
                      "label": "image"
                  },
                  {
                      "type": "Image",
                      "name": "imagetwo",
                      "label": "image"
                  },
                  {
                      "type": "Image",
                      "name": "imagethree",
                      "label": "image"
                  },
                  {
                      "type": "Color Picker",
                      "name": "backgroundcolor",
                      "label": "Background color"
                  }
              ]
          },
          {
              "groupName": "Media Settings",
              "groupControls": [
                  {
                      "type": "Slider Toggle",
                      "name": "showFacebook",
                      "label": "Show / Hide facebook icon"
                  },
                  {
                      "type": "Color Picker",
                      "name": "facebook",
                      "label": "Icon color"
                  },
                  {
                      "type": "Input",
                      "name": "facebookLink",
                      "label": "Facebook link",
                      "errors": [
                          {
                              "name": "pattern",
                              "patternName": "facebookLinkValidation"
                          }
                      ]
                  },
                  {
                      "type": "Slider Toggle",
                      "name": "showInstagram",
                      "label": "Show / Hide instagram icon"
                  },
                  {
                      "type": "Color Picker",
                      "name": "instagram",
                      "label": "Icon color"
                  },
                  {
                      "type": "Input",
                      "name": "instagramLink",
                      "label": "Instagram link",
                      "errors": [
                          {
                              "name": "pattern",
                              "patternName": "youtubeLinkValidation"
                          }
                      ]
                  },
                  {
                      "type": "Slider Toggle",
                      "name": "showYoutube",
                      "label": "Show / Hide youtube icon"
                  },
                  {
                      "type": "Color Picker",
                      "name": "youtube",
                      "label": "Icon color"
                  },
                  {
                      "type": "Input",
                      "name": "youtubeLink",
                      "label": "Youtube link",
                      "errors": [
                          {
                              "name": "pattern",
                              "patternName": "instagramLinkValidation"
                          }
                      ]
                  }
              ]
          },
          {
              "groupName": "Heading Settings",
              "groupControls": [
                  {
                      "type": "Common Heading",
                      "name": "headingSettings",
                      "label": "Heading Settings"
                  }
              ]
          },
          {
              "groupName": "Background Setting",
              "groupControls": [
                  {
                      "type": "Color Picker",
                      "name": "bgColor",
                      "label": "Background Color"
                  },
                  {
                      "type": "Color Picker",
                      "name": "iconColor",
                      "label": "Icon Color"
                  },
                  {
                      "type": "Color Picker",
                      "name": "iconBorderColor",
                      "label": "Icon Border Bottom Color"
                  },
                  {
                      "name": "needWorkingHours"
                  }
              ]
          },
          {
              "groupName": "Location Name",
              "groupControls": [
                  {
                      "type": "Dropdown",
                      "name": "textFontFamily",
                      "label": "Font Family "
                  },
                  {
                      "type": "Slider",
                      "name": "headerTextSize",
                      "label": "Location Name Font Size",
                      "options": [
                          "10",
                          "25"
                      ]
                  },
                  {
                      "type": "Font Style",
                      "name": "headerFontStyle",
                      "label": "Location Name Font Style"
                  },
                  {
                      "type": "Color Picker",
                      "name": "headerColor",
                      "label": "Location Name Font Color"
                  }
              ]
          },
          {
              "groupName": "Location content",
              "groupControls": [
                  {
                      "type": "Slider",
                      "name": "contentTextSize",
                      "label": "Content Font Size",
                      "options": [
                          "10",
                          "30"
                      ]
                  },
                  {
                      "type": "Font Style",
                      "name": "contentFontStyle",
                      "label": "Content Font Style"
                  },
                  {
                      "type": "Color Picker",
                      "name": "contentColor",
                      "label": "Content Font Color"
                  }
              ]
          }
      ]
  }
]