[
  {
    "sectionId": 1,
    "sectionName": "Footer",
    "isExistingComponent": true,
    "details": {
      "isDisplayDisclaimer": true,
      "isDisplayAbout": true,
      "disclaimerText": "Images shown are of virtual appearance",
      "aboutTitle": "About",
      "aboutText": "Highest standards in service is the hallmark of this chain.",
      "displayStoreNameInDisclaimer": true,
      "referrerName": "ZenBasket",
      "referrerLink": "https://getzenbasket.com/",
      "displayVersion": true,
      "versionType": "1.0.212"
    },
    "sampleData": null,
    "selectorDetails": {
      "selector": "phase-ii-footer",
      "inputData": [
        {
          "selectorInput": "footerDetails",
          "handlerInput": "previewDetails.storePageSetup.savedPageContent"
        }
      ],
      "outputData": []
    }
  }
]