[
  {
      "sectionId": 1,
      "isVisible": true,
      "isExistingComponent": true,
      "details": {
          "title": "About Us",
          "color": "#000000",
          "bannerImage": "themes/home-decor-theme/About%20us%20background.jpg",
          "textSize": 70,
          "fontstyle": [
              "B"
          ],
          "textFontFamily": "'Montserrat',sans-serif"
      },
      "script": "themes/bundle/home-decor/decorator-theme/decorator-aboutus.js",
      "selectorDetails": {
          "selector": "phase-ii-decorator-about-us",
          "inputData": [
              {
                  "selectorInput": "Aboutus",
                  "handlerInput": "previewDetails.storePageSetup.savedPageContent"
              }
          ],
          "outputData": []
      }
  },
  {
      "sectionId": 2,
      "isVisible": true,
      "isExistingComponent": true,
      "details": {
          "description": "Unique & Stylist Fashion We Are An Awesome Agency.",
          "descriptioncolor": "#000000",
          "descriptionImage": "themes/home-decor-theme/miroshnichenko.jpg",
          "descriptionVideo": "themes/home-decor-theme/Home Video.mp4",
          "descriptiontextSize": 40,
          "descriptionfontstyle": [
              "B"
          ],
          "descriptiontextFontFamily": "'Palatino Linotype',serif",
          "textone": "I am thrilled to share with you the story behind our beloved home decor shop. As the founder, /\\/g have poured my heart and soul into creating a space that not only provides beautiful and inspiring products but also reflects a passion for creating inviting and stylish homes.",
          "textonecolor": "#000000",
          "textonetextSize": 16,
          "textonefontstyle": [
              ""
          ],
          "textOneFontFamily": "'Montserrat',sans-serif",
          "texttwo": "At our home decor shop, we believe that your living space should be a reflection of your unique personality and a sanctuary that brings you joy. With this vision in mind, we have carefully curated a collection of handpicked items that blend timeless elegance with contemporary trends.",
          "texttwocolor": "#000000",
          "texttwotextSize": 16,
          "texttwofontstyle": [
              ""
          ],
          "textTwoFontFamily": "'Montserrat',sans-serif",
          "textthree": "Our journey began with a simple idea: to create a shopping experience that goes beyond just acquiring items; we wanted to create a space where customers could find inspiration, discover their personal style, and transform their houses into homes they love.",
          "textthreecolor": "#000000",
          "textthreetextSize": 16,
          "textthreefontstyle": [
              ""
          ],
          "textThreeFontFamily": "'Montserrat',sans-serif",
          "textfour": "We take great pride in working closely with talented artisans and designers who share our commitment to craftsmanship and attention to detail. By supporting these artisans, we not only provide unique and exclusive pieces but also contribute to the preservation of traditional craftsmanship. .",
          "textfourcolor": "#000000",
          "textfourtextSize": 16,
          "textfourfontstyle": [
              ""
          ],
          "textFourFontFamily": "'Montserrat',sans-serif"
      },
      "script": "themes/bundle/home-decor/decorator-theme/decorator-aboutus.js",
      "selectorDetails": {
          "selector": "phase-ii-decorator-about-us-description",
          "inputData": [
              {
                  "selectorInput": "Description",
                  "handlerInput": "previewDetails.storePageSetup.savedPageContent"
              }
          ],
          "outputData": []
      }
  },
  {
      "sectionId": 3,
      "isVisible": true,
      "isExistingComponent": true,
      "details": {
          "title": "Meet Our Teams",
          "color": "#000000",
          "textSize": 24,
          "fontstyle": [
              "B"
          ],
          "textAlign": "center",
          "textFontFamily": "'Montserrat',sans-serif",
          "cardTitleColor": "#000000",
          "cardTitleSize": 24,
          "textonefontstyle": [
              "B"
          ],
          "textOneFontFamily": "'Montserrat',sans-serif",
          "cardSubHeadingColor": "#000000",
          "cardSubHeadingSize": 12,
          "texttwofontstyle": [],
          "textTwoFontFamily": "'Montserrat',sans-serif",
          "isCard1": true,
          "textone": "Karan Ryan",
          "textoneImage": "themes/home-decor-theme/john wick.jpg",
          "texttwo": "Project Manager",
          "isCard2": true,
          "textthree": "Karan Ryan",
          "textthreeImage": "themes/home-decor-theme/Vincent.jpg",
          "textfour": "Sales Agent",
          "isCard3": true,
          "textfive": "Karan Ryan",
          "textfiveImage": "themes/home-decor-theme/Karen Ryan.jpg",
          "textsix": "Photographer",
          "isCard4": true,
          "textseven": "Karan Ryan",
          "textsevenImage": "themes/home-decor-theme/Vincent.jpg",
          "texteight": "Designer"
      },
      "script": "themes/bundle/home-decor/decorator-theme/decorator-aboutus.js",
      "selectorDetails": {
          "selector": "phase-ii-decorator-about-us-team",
          "inputData": [
              {
                  "selectorInput": "Team",
                  "handlerInput": "previewDetails.storePageSetup.savedPageContent"
              }
          ],
          "outputData": []
      }
  },
  {
      "sectionId": 4,
      "isVisible": true,
      "isExistingComponent": true,
      "details": {
          "title": "Our Stores",
          "color": "#000000",
          "textSize": 24,
          "fontstyle": [
              "B"
          ],
          "textAlign": "center",
          "textFontFamily": "'Montserrat',sans-serif"
      },
      "script": "themes/bundle/home-decor/decorator-theme/decorator-aboutus.js",
      "selectorDetails": {
          "selector": "phase-ii-decorator-about-us-stores",
          "inputData": [
              {
                  "selectorInput": "Stores",
                  "handlerInput": "previewDetails.storePageSetup.savedPageContent"
              },
              {
                  "selectorInput": "locationDetails",
                  "handlerInput": "sampleData.locationDetails",
                  "functionName": "setWorkingDays"
              }
          ],
          "outputData": []
      },
      "sampleData": {
          "locationDetails": [
              {
                  "id": 75,
                  "addressId": 160,
                  "locationName": "Beaverton",
                  "pickupInstructions": null,
                  "locationDescription": null,
                  "latitude": "23.343534",
                  "longitude": "34",
                  "storeId": 2,
                  "shopClosedDays": [],
                  "timeZone": "America/Tijuana",
                  "isOrderSpecificTiming": true,
                  "orderAmountLimit": 50,
                  "isDefault": false,
                  "isGlobal": true,
                  "allowedZipcodes": null,
                  "storeWorkingHours": [
                      {
                          "id": 621,
                          "productBoxId": null,
                          "shippingMethodId": null,
                          "startTime": "09:00 AM",
                          "endTime": "12:00 PM",
                          "sun": null,
                          "mon": null,
                          "tue": null,
                          "wed": null,
                          "thu": null,
                          "fri": true,
                          "sat": true,
                          "isDelivery": null,
                          "isPickup": null,
                          "isOrder": null,
                          "isDineIn": null,
                          "isStoreActive": null
                      },
                      {
                          "id": 622,
                          "productBoxId": null,
                          "shippingMethodId": null,
                          "startTime": "12:00 PM",
                          "endTime": "07:00 PM",
                          "sun": null,
                          "mon": null,
                          "tue": null,
                          "wed": null,
                          "thu": null,
                          "fri": true,
                          "sat": true,
                          "isDelivery": null,
                          "isPickup": null,
                          "isOrder": null,
                          "isDineIn": null,
                          "isStoreActive": null
                      }
                  ],
                  "workingHoursData": [
                      {
                          "days": "Mon",
                          "time": "09:00 AM - 12:00 PM",
                          "isStoreActive": null
                      },
                      {
                          "days": "Tue",
                          "time": "09:00 AM - 12:00 PM",
                          "isStoreActive": null
                      }
                  ],
                  "closingHoursData": [
                      {
                          "days": "Sun",
                          "time": "12:00 AM - 12:00 AM",
                          "isStoreActive": null
                      }
                  ],
                  "orderPlacingTimes": [
                      {
                          "id": 156,
                          "startTime": "12:00 AM",
                          "endTime": "12:00 PM",
                          "sun": null,
                          "mon": true,
                          "tue": true,
                          "wed": true,
                          "thu": true,
                          "fri": true,
                          "sat": true,
                          "isStoreActive": null
                      }
                  ],
                  "address": {
                      "id": 160,
                      "importId": null,
                      "addressLine1": "12725 SW Millikan Way, #300",
                      "addressLine2": null,
                      "city": "Beaverton",
                      "state": "Beaverton",
                      "name": null,
                      "country": "US",
                      "zipCode": "97005",
                      "mobileNumber": "+1 (971) 420-1700",
                      "email": "contact@getzenbasket.com",
                      "faxNumber": null,
                      "stateAbbreviation": null,
                      "countryCode": null,
                      "isDeleted": false,
                      "isDefault": null,
                      "createdAt": "2022-01-27T05:12:46.297Z",
                      "modifiedAt": "2022-03-10T04:24:43.334Z",
                      "userId": null
                  }
              },
              {
                  "id": 76,
                  "addressId": 161,
                  "locationName": "Canada",
                  "pickupInstructions": null,
                  "locationDescription": null,
                  "latitude": "23.343534",
                  "longitude": "34",
                  "storeId": 2,
                  "shopClosedDays": [],
                  "timeZone": "America/Tijuana",
                  "isOrderSpecificTiming": true,
                  "orderAmountLimit": 50,
                  "isDefault": false,
                  "isGlobal": true,
                  "allowedZipcodes": null,
                  "storeWorkingHours": [
                      {
                          "id": 621,
                          "productBoxId": null,
                          "shippingMethodId": null,
                          "startTime": "09:00 AM",
                          "endTime": "12:00 PM",
                          "sun": null,
                          "mon": null,
                          "tue": null,
                          "wed": null,
                          "thu": null,
                          "fri": true,
                          "sat": true,
                          "isDelivery": null,
                          "isPickup": null,
                          "isOrder": null,
                          "isDineIn": null,
                          "isStoreActive": null
                      },
                      {
                          "id": 622,
                          "productBoxId": null,
                          "shippingMethodId": null,
                          "startTime": "12:00 PM",
                          "endTime": "07:00 PM",
                          "sun": null,
                          "mon": null,
                          "tue": null,
                          "wed": null,
                          "thu": null,
                          "fri": true,
                          "sat": true,
                          "isDelivery": null,
                          "isPickup": null,
                          "isOrder": null,
                          "isDineIn": null,
                          "isStoreActive": null
                      }
                  ],
                  "workingHoursData": [
                      {
                          "days": "Mon",
                          "time": "09:00 AM - 12:00 PM",
                          "isStoreActive": null
                      },
                      {
                          "days": "Tue",
                          "time": "09:00 AM - 12:00 PM",
                          "isStoreActive": null
                      }
                  ],
                  "closingHoursData": [
                      {
                          "days": "Sun",
                          "time": "12:00 AM - 12:00 AM",
                          "isStoreActive": null
                      }
                  ],
                  "orderPlacingTimes": [
                      {
                          "id": 156,
                          "startTime": "12:00 AM",
                          "endTime": "12:00 PM",
                          "sun": null,
                          "mon": true,
                          "tue": true,
                          "wed": true,
                          "thu": true,
                          "fri": true,
                          "sat": true,
                          "isStoreActive": null
                      }
                  ],
                  "address": {
                      "id": 160,
                      "importId": null,
                      "addressLine1": "151 York St,",
                      "addressLine2": null,
                      "city": "London",
                      "state": "London",
                      "name": null,
                      "country": "London",
                      "zipCode": "97005",
                      "mobileNumber": "+1 (971) 420-1700",
                      "email": "contact@getzenbasket.com",
                      "faxNumber": null,
                      "stateAbbreviation": null,
                      "countryCode": null,
                      "isDeleted": false,
                      "isDefault": null,
                      "createdAt": "2022-01-27T05:12:46.297Z",
                      "modifiedAt": "2022-03-10T04:24:43.334Z",
                      "userId": null
                  }
              },
              {
                  "id": 76,
                  "addressId": 161,
                  "locationName": "India",
                  "pickupInstructions": null,
                  "locationDescription": null,
                  "latitude": "23.343534",
                  "longitude": "34",
                  "storeId": 2,
                  "shopClosedDays": [],
                  "timeZone": "America/Tijuana",
                  "isOrderSpecificTiming": true,
                  "orderAmountLimit": 50,
                  "isDefault": false,
                  "isGlobal": true,
                  "allowedZipcodes": null,
                  "storeWorkingHours": [
                      {
                          "id": 621,
                          "productBoxId": null,
                          "shippingMethodId": null,
                          "startTime": "09:00 AM",
                          "endTime": "12:00 PM",
                          "sun": null,
                          "mon": null,
                          "tue": null,
                          "wed": null,
                          "thu": null,
                          "fri": true,
                          "sat": true,
                          "isDelivery": null,
                          "isPickup": null,
                          "isOrder": null,
                          "isDineIn": null,
                          "isStoreActive": null
                      },
                      {
                          "id": 622,
                          "productBoxId": null,
                          "shippingMethodId": null,
                          "startTime": "12:00 PM",
                          "endTime": "07:00 PM",
                          "sun": null,
                          "mon": null,
                          "tue": null,
                          "wed": null,
                          "thu": null,
                          "fri": true,
                          "sat": true,
                          "isDelivery": null,
                          "isPickup": null,
                          "isOrder": null,
                          "isDineIn": null,
                          "isStoreActive": null
                      }
                  ],
                  "workingHoursData": [
                      {
                          "days": "Mon",
                          "time": "09:00 AM - 12:00 PM",
                          "isStoreActive": null
                      },
                      {
                          "days": "Tue",
                          "time": "09:00 AM - 12:00 PM",
                          "isStoreActive": null
                      }
                  ],
                  "closingHoursData": [
                      {
                          "days": "Sun",
                          "time": "12:00 AM - 12:00 AM",
                          "isStoreActive": null
                      }
                  ],
                  "orderPlacingTimes": [
                      {
                          "id": 156,
                          "startTime": "12:00 AM",
                          "endTime": "12:00 PM",
                          "sun": null,
                          "mon": true,
                          "tue": true,
                          "wed": true,
                          "thu": true,
                          "fri": true,
                          "sat": true,
                          "isStoreActive": null
                      }
                  ],
                  "address": {
                      "id": 162,
                      "importId": null,
                      "addressLine1": "25 Vinayagar Nagar, NGO Colony,",
                      "addressLine2": null,
                      "city": "Tirunelveli",
                      "state": "Tirunelveli",
                      "name": null,
                      "country": "India",
                      "zipCode": "97005",
                      "mobileNumber": "+1 (971) 420-1700",
                      "email": "contact@getzenbasket.com",
                      "faxNumber": null,
                      "stateAbbreviation": null,
                      "countryCode": null,
                      "isDeleted": false,
                      "isDefault": null,
                      "createdAt": "2022-01-27T05:12:46.297Z",
                      "modifiedAt": "2022-03-10T04:24:43.334Z",
                      "userId": null
                  }
              }
          ]
      }
  }
]