[
  {
      "id": 1,
      "sectionName": "About-Us",
      "isExistingComponent": true,
      "controls": [
          {
              "groupName": "Header Settings",
              "groupControls": [
                  {
                      "type": "Image",
                      "name": "bannerImage",
                      "label": "Background image"
                  },
                  {
                      "type": "Input",
                      "name": "title",
                      "label": "Heading text",
                      "errors": [
                          {
                              "name": "required"
                          },
                          {
                              "name": "maxlength",
                              "length": 50
                          }
                      ]
                  },
                  {
                      "type": "Color Picker",
                      "name": "color",
                      "label": "Font color"
                  },
                  {
                      "type": "Slider",
                      "name": "textSize",
                      "label": "Font size",
                      "options": [
                          10,
                          40
                      ]
                  },
                  {
                      "type": "Font Style",
                      "name": "fontstyle",
                      "label": "Heading style"
                  },
                  {
                      "type": "Dropdown",
                      "name": "textFontFamily",
                      "label": "Font family"
                  }
              ]
          }
      ]
  },
  {
      "id": 2,
      "sectionName": "About-Us-Description",
      "isExistingComponent": true,
      "controls": [
          {
              "groupName": "Description Headings",
              "groupControls": [
                  {
                      "type": "Image",
                      "name": "descriptionImage",
                      "label": "About us image"
                  },
                  {
                      "type": "Video",
                      "name": "descriptionVideo",
                      "label": "About Us video"
                  },
                  {
                      "type": "Input",
                      "name": "description",
                      "label": "Description text",
                      "errors": [
                          {
                              "name": "required"
                          },
                          {
                              "name": "maxlength",
                              "length": 200
                          }
                      ]
                  },
                  {
                      "type": "Color Picker",
                      "name": "descriptioncolor",
                      "label": "Font color"
                  },
                  {
                      "type": "Slider",
                      "name": "descriptiontextSize",
                      "label": "Font size",
                      "options": [
                          10,
                          40
                      ]
                  },
                  {
                      "type": "Font Style",
                      "name": "descriptionfontstyle",
                      "label": "Heading style"
                  },
                  {
                      "type": "Dropdown",
                      "name": "descriptiontextFontFamily",
                      "label": "Font family"
                  }
              ]
          },
          {
              "groupName": "Paragraph One",
              "groupControls": [
                  {
                      "type": "Text Area",
                      "name": "textone",
                      "label": "Description text",
                      "errors": [
                          {
                              "name": "required"
                          },
                          {
                              "name": "maxlength",
                              "length": 500
                          }
                      ]
                  },
                  {
                      "type": "Color Picker",
                      "name": "textonecolor",
                      "label": "Font color"
                  },
                  {
                      "type": "Slider",
                      "name": "textonetextSize",
                      "label": "Font size",
                      "options": [
                          10,
                          40
                      ]
                  },
                  {
                      "type": "Font Style",
                      "name": "textonefontstyle",
                      "label": "Heading style"
                  },
                  {
                      "type": "Dropdown",
                      "name": "textOneFontFamily",
                      "label": "Font family"
                  }
              ]
          },
          {
              "groupName": "Paragraph Two",
              "groupControls": [
                  {
                      "type": "Text Area",
                      "name": "texttwo",
                      "label": "Description text",
                      "errors": [
                          {
                              "name": "maxlength",
                              "length": 500
                          }
                      ]
                  },
                  {
                      "type": "Color Picker",
                      "name": "texttwocolor",
                      "label": "Font color"
                  },
                  {
                      "type": "Slider",
                      "name": "texttwotextSize",
                      "label": "Font size",
                      "options": [
                          10,
                          40
                      ]
                  },
                  {
                      "type": "Font Style",
                      "name": "texttwofontstyle",
                      "label": "Heading style"
                  },
                  {
                      "type": "Dropdown",
                      "name": "textTwoFontFamily",
                      "label": "Font family"
                  }
              ]
          },
          {
              "groupName": "Paragraph Three",
              "groupControls": [
                  {
                      "type": "Text Area",
                      "name": "textthree",
                      "label": "Description text",
                      "errors": [
                          {
                              "name": "maxlength",
                              "length": 500
                          }
                      ]
                  },
                  {
                      "type": "Color Picker",
                      "name": "textthreecolor",
                      "label": "Font color"
                  },
                  {
                      "type": "Slider",
                      "name": "textthreetextSize",
                      "label": "Font size",
                      "options": [
                          10,
                          40
                      ]
                  },
                  {
                      "type": "Font Style",
                      "name": "textthreefontstyle",
                      "label": "Heading style"
                  },
                  {
                      "type": "Dropdown",
                      "name": "textThreeFontFamily",
                      "label": "Font family"
                  }
              ]
          },
          {
              "groupName": "Paragraph Four",
              "groupControls": [
                  {
                      "type": "Text Area",
                      "name": "textfour",
                      "label": "Description text",
                      "errors": [
                          {
                              "name": "maxlength",
                              "length": 500
                          }
                      ]
                  },
                  {
                      "type": "Color Picker",
                      "name": "textfourcolor",
                      "label": "Font color"
                  },
                  {
                      "type": "Slider",
                      "name": "textfourtextSize",
                      "label": "Font size",
                      "options": [
                          10,
                          40
                      ]
                  },
                  {
                      "type": "Font Style",
                      "name": "textfourfontstyle",
                      "label": "Heading style"
                  },
                  {
                      "type": "Dropdown",
                      "name": "textFourFontFamily",
                      "label": "Font family"
                  }
              ]
          }
      ]
  },
  {
      "id": 3,
      "sectionName": "About-Us-Team",
      "isExistingComponent": true,
      "controls": [
          {
              "groupName": "Header Settings",
              "groupControls": [
                  {
                      "type": "Input",
                      "name": "title",
                      "label": "Message",
                      "errors": [
                          {
                              "name": "required"
                          },
                          {
                              "name": "maxlength",
                              "length": 40
                          }
                      ]
                  },
                  {
                      "type": "Color Picker",
                      "name": "color",
                      "label": "Color"
                  },
                  {
                      "type": "Slider",
                      "name": "textSize",
                      "label": "Font size",
                      "options": [
                          10,
                          40
                      ]
                  },
                  {
                      "type": "Radio",
                      "name": "textAlign",
                      "label": "Text align",
                      "options": [
                          {
                              "name": "Left",
                              "value": "left"
                          },
                          {
                              "name": "Center",
                              "value": "center"
                          },
                          {
                              "name": "Right",
                              "value": "right"
                          }
                      ]
                  },
                  {
                      "type": "Font Style",
                      "name": "fontstyle",
                      "label": "Font style"
                  },
                  {
                      "type": "Dropdown",
                      "name": "textFontFamily",
                      "label": "Font family"
                  }
              ]
          },
          {
              "groupName": "Card General Settings",
              "groupControls": [
                  {
                      "type": "Color Picker",
                      "name": "cardTitleColor",
                      "label": "Card title color"
                  },
                  {
                      "type": "Slider",
                      "name": "cardTitleSize",
                      "label": "Card title size",
                      "options": [
                          10,
                          40
                      ]
                  },
                  {
                      "type": "Font Style",
                      "name": "textonefontstyle",
                      "label": "Card title style"
                  },
                  {
                      "type": "Dropdown",
                      "name": "textOneFontFamily",
                      "label": "Card title font family"
                  },
                  {
                      "type": "Color Picker",
                      "name": "cardSubHeadingColor",
                      "label": "Card description color"
                  },
                  {
                      "type": "Slider",
                      "name": "cardSubHeadingSize",
                      "label": "Card description size",
                      "options": [
                          10,
                          24
                      ]
                  },
                  {
                      "type": "Font Style",
                      "name": "texttwofontstyle",
                      "label": "Card description style"
                  },
                  {
                      "type": "Dropdown",
                      "name": "textTwoFontFamily",
                      "label": "Card description font family"
                  }
              ]
          },
          {
              "groupName": "Card 1 Settings",
              "groupControls": [
                  {
                      "type": "Slider Toggle",
                      "name": "isCard1",
                      "label": "Show card 1"
                  },
                  {
                      "type": "Image",
                      "name": "textoneImage",
                      "label": "Member image"
                  },
                  {
                      "type": "Input",
                      "name": "textone",
                      "label": "Card title",
                      "errors": [
                          {
                              "name": "required"
                          },
                          {
                              "name": "maxlength",
                              "length": 50
                          }
                      ]
                  },
                  {
                      "type": "Input",
                      "name": "texttwo",
                      "label": "Description text",
                      "errors": [
                          {
                              "name": "maxlength",
                              "length": 50
                          }
                      ]
                  }
              ]
          },
          {
              "groupName": "Card 2 Settings",
              "groupControls": [
                  {
                      "type": "Slider Toggle",
                      "name": "isCard2",
                      "label": "Show card 2"
                  },
                  {
                      "type": "Image",
                      "name": "textthreeImage",
                      "label": "Member image"
                  },
                  {
                      "type": "Input",
                      "name": "textthree",
                      "label": "Card title",
                      "errors": [
                          {
                              "name": "required"
                          },
                          {
                              "name": "maxlength",
                              "length": 50
                          }
                      ]
                  },
                  {
                      "type": "Input",
                      "name": "textfour",
                      "label": "Description text",
                      "errors": [
                          {
                              "name": "maxlength",
                              "length": 50
                          }
                      ]
                  }
              ]
          },
          {
              "groupName": "Card 3 Settings",
              "groupControls": [
                  {
                      "type": "Slider Toggle",
                      "name": "isCard3",
                      "label": "Show card 3"
                  },
                  {
                      "type": "Image",
                      "name": "textfiveImage",
                      "label": "Member image"
                  },
                  {
                      "type": "Input",
                      "name": "textfive",
                      "label": "Card title",
                      "errors": [
                          {
                              "name": "required"
                          },
                          {
                              "name": "maxlength",
                              "length": 50
                          }
                      ]
                  },
                  {
                      "type": "Input",
                      "name": "textsix",
                      "label": "Description text",
                      "errors": [
                          {
                              "name": "maxlength",
                              "length": 50
                          }
                      ]
                  }
              ]
          },
          {
              "groupName": "Card 4 Settings",
              "groupControls": [
                  {
                      "type": "Slider Toggle",
                      "name": "isCard4",
                      "label": "Show card 4"
                  },
                  {
                      "type": "Image",
                      "name": "textsevenImage",
                      "label": "Member image"
                  },
                  {
                      "type": "Input",
                      "name": "textseven",
                      "label": "Card title",
                      "errors": [
                          {
                              "name": "required"
                          },
                          {
                              "name": "maxlength",
                              "length": 50
                          }
                      ]
                  },
                  {
                      "type": "Input",
                      "name": "texteight",
                      "label": "Description text",
                      "errors": [
                          {
                              "name": "maxlength",
                              "length": 50
                          }
                      ]
                  }
              ]
          }
      ]
  },
  {
      "id": 4,
      "sectionName": "About-Us-Stores",
      "isExistingComponent": true,
      "controls": [
          {
              "groupName": "Header Settings",
              "groupControls": [
                  {
                      "type": "Input",
                      "name": "title",
                      "label": "Message",
                      "errors": [
                          {
                              "name": "required"
                          },
                          {
                              "name": "maxlength",
                              "length": 40
                          }
                      ]
                  },
                  {
                      "type": "Color Picker",
                      "name": "color",
                      "label": "Color"
                  },
                  {
                      "type": "Slider",
                      "name": "textSize",
                      "label": "Font size",
                      "options": [
                          10,
                          40
                      ]
                  },
                  {
                      "type": "Radio",
                      "name": "textAlign",
                      "label": "Text align",
                      "options": [
                          {
                              "name": "Left",
                              "value": "left"
                          },
                          {
                              "name": "Center",
                              "value": "center"
                          },
                          {
                              "name": "Right",
                              "value": "right"
                          }
                      ]
                  },
                  {
                      "type": "Font Style",
                      "name": "fontstyle",
                      "label": "Font style"
                  },
                  {
                      "type": "Dropdown",
                      "name": "textFontFamily",
                      "label": "Font family"
                  }
              ]
          }
      ]
  }
]