[
  {
      "sectionId": 1,
      "isVisible": true,
      "isExistingComponent": true,
      "details": {
          "aboutUsContent": [
              {
                  "image": "themes/childrentheme/BirthdayToy.jpg",
                  "title": "How Our Monsters Are Made"
              },
              {
                  "image": "themes/childrentheme/TigerToy.jpg",
                  "title": "How Our Monsters Are Made"
              },
              {
                  "image": "themes/childrentheme/SoftToy.jpg",
                  "title": "How Our Monsters Are Made"
              }
          ],
          "color": "#d0eded",
          "subcolor": "#FFFFFF",
          "titlecolor": "#FFFFFF",
          "textSize": 34,
          "fontstyle": [
              "B"
          ],
          "textFontFamily": "'Montserrat',sans-serif"
      },
      "selectorDetails": {
          "selector": "children-about-us",
          "inputData": [
              {
                  "selectorInput": "Aboutus",
                  "handlerInput": "previewDetails.storePageSetup.savedPageContent"
              }
          ],
          "outputData": []
      },
      "script":"themes/bundle/children/children-aboutus.js"
  },
  {
      "sectionId": 2,
      "isVisible": true,
      "isExistingComponent": true,
      "details": {
          "childrensThemeAbout": [
              {
                  "imageUrl": "themes/childrentheme/PinkTeddy.jpg",
                  "title": "Our mission",
                  "content": "Our mission is to provide honest, high-quality toys through fair trading and exceptional customer service. We prioritize transparency in our design and production, ensuring safety and craftsmanship. With a dedicated team, we offer personalized support and continuously improve based on customer feedback. Trust [Toy Shop Name] for integrity and joyful play experiences.",
                  "color": "#eacacf"
              },
              {
                  "imageUrl": "themes/childrentheme/BirthdayToy.jpg",
                  "title": "For Everyone",
                  "content": "We have toys for everyone, catering to a diverse range of interests and ages. Whether you're a child,parent,grandparent,or toy enthusiast, we have something to spark your imagination and bring joy. Our extensive selection includes educational toys,classic favorites,trendy items and unique finds. Visit us to discover a world of play possiblities for everyone",
                  "color": "#ecd865"
              }
          ],
          "textColor": "#000000",
          "textSize": "25",
          "textFontStyle": [
              "B"
          ],
          "textFontFamily": "'Montserrat',sans-serif",
          "subTextColor": "#000000",
          "subTextSize": "16",
          "subtextFontStyle": [],
          "subtextFontFamily": "'Montserrat',sans-serif"
      },
      "selectorDetails": {
          "selector": "children-aboutus-mission",
          "inputData": [
              {
                  "selectorInput": "Aboutusmission",
                  "handlerInput": "previewDetails.storePageSetup.savedPageContent"
              }
          ],
          "outputData": []
      },
      "script":"themes/bundle/children/children-aboutus-mission.js"
  },
  {
      "isExistingComponent": true,
      "sectionName": "About Us Video",
      "details": {
          "bannerProperty": 3,
          "bannerDetails": {
              "height": 80,
              "imageOverlay": true,
              "overlayColor": "rgba(54,54,54,0.35)",
              "marginTop": 70,
              "marginBottom": 70,
              "marginLeftRight": 120,
              "bannerTextBackGroundEnabled": false,
              "buttonLayout": "row",
              "buttonProperties": [],
              "buttonEnabled": false,
              "textEnabled": true,
              "bannerVideo": "themes/childrentheme/ChildrenVideo.mp4",
              "bannerVideoCard": false,
              "isVideoControls": false,
              "bannerTextBackGroundColor": "white",
              "animation": "noAnimationTemplate",
              "textAlign": "Center",
              "bannerText": "A Happy Day At Our Toy Shop",
              "textFontFamily": "''Montserrat',sans-serif',sans-serif",
              "textFontStyle": [
                  "B"
              ],
              "subTextFontStyle": [],
              "bannerSubText": null,
              "textColor": "white",
              "subTextColor": "white",
              "textSize": 34,
              "subtextSize": 18,
              "subtextFontFamily": "''Montserrat',sans-serif',sans-serif"
          },
          "headingTextEnabled": false,
          "inValid": false,
          "isChildError": false,
          "isNoDocumentUploaded": false,
          "sectionId": 8
      },
      "isVisibile": true,
      "script": "themes/bundle/zenFashion/banner.js",
      "selectorDetails": {
        "selector": "banner-element",
          "inputData": [
              {
                  "selectorInput": "bannerDetails",
                  "handlerInput": "previewDetails.storePageSetup.savedPageContent"
              }
          ],
          "outputData": []
      },
      "sectionId": 3
  }
]