[
  {
      "id": 1,
      "sectionName": "About-Us",
      "isExistingComponent": true,
      "controls": [
          {
              "groupName": "Image Settings",
              "groupControls": [
                  {
                      "type": "ArrayOfObjects",
                      "name": "aboutUsContent",
                      "label": "About us content"
                  }
              ]
          },
          {
              "groupName": "Banner Settings",
              "groupControls": [
                  {
                      "type": "Color Picker",
                      "name": "color",
                      "label": "Background color 1"
                  },
                  {
                      "type": "Color Picker",
                      "name": "subcolor",
                      "label": "Background color 2"
                  }
              ]
          },
          {
              "groupName": "Header Settings",
              "groupControls": [
                  {
                      "type": "Color Picker",
                      "name": "titlecolor",
                      "label": "Background color"
                  },
                  {
                      "type": "Slider",
                      "name": "textSize",
                      "label": "Font size",
                      "options": [
                          10,
                          40
                      ]
                  },
                  {
                      "type": "Font Style",
                      "name": "fontstyle",
                      "label": "Heading style"
                  },
                  {
                      "type": "Dropdown",
                      "name": "textFontFamily",
                      "label": "Font family"
                  }
              ]
          }
      ]
  },
  {
      "id": 2,
      "sectionName": "About-Us-Mission",
      "isExistingComponent": true,
      "controls": [
          {
              "groupName": "About Us Settings",
              "groupControls": [
                  {
                      "type": "ArrayOfObjects",
                      "name": "childrensThemeAbout",
                      "label": "About us settings"
                  }
              ]
          },
          {
              "groupName": "Heading Font Settings",
              "groupControls": [
                  {
                      "type": "Font Style",
                      "name": "textFontStyle",
                      "label": "Font style"
                  },
                  {
                      "type": "Dropdown",
                      "name": "textFontFamily",
                      "label": "Text font family"
                  },
                  {
                      "type": "Slider",
                      "name": "textSize",
                      "label": "Title text size",
                      "options": [
                          10,
                          40
                      ]
                  },
                  {
                      "type": "Color Picker",
                      "name": "textColor",
                      "label": "Heading text color"
                  }
              ]
          },
          {
              "groupName": "SubHeading Font Settings",
              "groupControls": [
                  {
                      "type": "Font Style",
                      "name": "subtextFontStyle",
                      "label": "Font style"
                  },
                  {
                      "type": "Dropdown",
                      "name": "subtextFontFamily",
                      "label": "Text font family"
                  },
                  {
                      "type": "Slider",
                      "name": "subTextSize",
                      "label": "Title text size",
                      "options": [
                          10,
                          80
                      ]
                  },
                  {
                      "type": "Color Picker",
                      "name": "subTextColor",
                      "label": "Heading text color"
                  }
              ]
          }
      ]
  },
  {
      "id": 3,
      "sectionName": "About Us Video",
      "isExistingComponent": true,
      "controls": [
          {
              "type": "Banner Layout",
              "name": "bannerDetails",
              "label": "Banner Details"
          }
      ]
  }
]