[
  {
      "sectionId": 1,
      "sectionName": "Product Details",
      "isExistingComponent": true,
      "details": {
          "details": [
              {
                  "imageUrl": "themes/product_details_return_policy/return.png"
              },
              {
                  "imageUrl": "themes/product_details_return_policy/COD.png"
              },
              {
                  "imageUrl": "themes/product_details_return_policy/Secure_transaction.png"
              }
          ],
          "layoutName": "layoutOne",
          "showRatingsCount": true,
          "showPrice": true,
          "showSku": false,
          "showProductDescription": true,
          "showAvailabilityText": true,
          "showProductManyInStockText": true,
          "showProductOutOfStockText": true,
          "showProductUnavailabilityText": true,
          "showMenuNotAvailableText": true,
          "showWeightUnit": true,
          "availableText": "Availability:",
          "availableTextColor": "black",
          "manyInStockText": "Many In Stock",
          "manyInStockTextColor": "#008000",
          "outOfStockText": "Out of Stock",
          "outOfStockTextColor": "#D93D04",
          "unavailableText": "UNAVAILABLE",
          "unavailableTextColor": "white",
          "unavailableBackgroundColor": "var(--primary-color)",
          "notifyMeButtonText": "Notify Me",
          "notifyMeButtonTextColor": "white",
          "notifyMeButtonColor": "var(--secondary-color)",
          "cartButtonText": "Add to cart",
          "cartButtonTextColor": "white",
          "cartButtonColor": "var(--primary-color)",
          "orderButtonText": "Add to order",
          "orderButtonTextColor": "white",
          "orderButtonColor": "var(--primary-color)",
          "buyNowButtonText": "Buy Now",
          "buyNowButtonTextColor": "white",
          "buyNowButtonColor": "var(--primary-color)",
          "locationNotAvailableText": "Not available in this location",
          "locationNotAvailableTextColor": "var(--primary-color)",
          "preOrderAvailableText": "Pre-order Available",
          "preOrderAvailableTextColor": "var(--primary-color)",
          "menuNotAvailableText": "Not available on this time",
          "menuNotAvailableTextColor": "var(--primary-color)",
          "instructionText": "Add Instructions",
          "instructionTextColor": "black",
          "taxButtonText": "*including tax",
          "taxButtonTextColor": "black",
          "showBreadcrumbs": true,
          "thumbnailPosition": "vertical",
          "thumbnailImageBorder": "0",
          "thumbnailImageBorderOpacity": "100",
          "thumbnailImageBorderColor": "black",
          "zoomImage": true,
          "loopVideo": true,
          "showWishlistStyle": "icon",
          "wishlistIconColor": "var(--secondary-color)",
          "wishlistIconOpacity": "100",
          "wishlistIconBorderSize": "0",
          "wishlistIconBorderRadius": "0",
          "wishlistIconBorderColor": "var(--primary-color)",
          "wishlistButtonType": "flat",
          "wishlistButtonText": "Add to Wishlist",
          "wishlistButtonColor": "var(--primary-color)",
          "wishlistButtonTextColor": "white",
          "wishlistButtonTextAlignment": "center",
          "showThumbnailInMobile": true,
          "ratingsIconColor": "#ffd700",
          "discountTitle": "Your Wallet Friendly Sale!",
          "productDetailsOrder": [
              {
                  "name": "Product Rating",
                  "templateName": "productRating",
                  "isVisible": true
              },
              {
                  "name": "Product SKU",
                  "templateName": "productSKU",
                  "isVisible": true
              },
              {
                  "name": "Product Description",
                  "templateName": "productDescription",
                  "isVisible": true
              },
              {
                  "name": "Price and weight unit",
                  "templateName": "productPrice",
                  "isVisible": true
              },
              {
                  "name": "Stock",
                  "templateName": "productStock",
                  "isVisible": true
              },
              {
                  "name": "Sale Timer",
                  "templateName": "productSaleTimer",
                  "isVisible": true
              },
              {
                  "name": "Product Variant",
                  "templateName": "productVariant",
                  "isVisible": true
              },
              {
                  "name": "Modifier",
                  "templateName": "productModifier",
                  "isVisible": true
              },
              {
                  "name": "Add On Image",
                  "templateName": "productAddOnImage",
                  "isVisible": true
              },
              {
                  "name": "Notify",
                  "templateName": "productNotify",
                  "isVisible": true
              },
              {
                  "name": "Add To Cart",
                  "templateName": "productAddToCart",
                  "isVisible": true
              },
              {
                  "name": "Purchase Type",
                  "templateName": "productPurchaseType",
                  "isVisible": true
              },
              {
                  "name": "Product Size Chart",
                  "templateName": "productProductSizeChart",
                  "isVisible": true
              },
              {
                  "name": "Product Add To Bag Button",
                  "templateName": "productAddToBagButton",
                  "isVisible": true
              },
              {
                  "name": "Product Policy",
                  "templateName": "productPolicy",
                  "isVisible": true
              },
              {
                  "name": "Product Digital Button",
                  "templateName": "productDigitalButton",
                  "isVisible": true
              },
              {
                  "name": "Product Unavailable",
                  "templateName": "productUnavailable",
                  "isVisible": true
              },
              {
                  "name": "Product Share Button",
                  "templateName": "productShareButton",
                  "isVisible": true
              },
              {
                  "name": "Product Automatic Discount",
                  "templateName": "productAutomaticDiscount",
                  "isVisible": true
              },
              {
                  "name": "Product Instruction",
                  "templateName": "productInstruction",
                  "isVisible": true
              },
              {
                  "name": "Product Wishlist",
                  "templateName": "wishlistButton",
                  "isVisible": true
              }
          ]
      },
      "sampleData": {
          "offer": [],
          "orderId": null,
          "userData": {
              "id": 6,
              "address": [
                  {
                      "state": 3479,
                      "country": 239,
                      "zipCode": "97045"
                  }
              ],
              "storeId": 2,
              "customerId": 2,
              "isWholesale": false
          },
          "categoryId": 1,
          "locationId": 175,
          "ogsDetails": {},
          "isNoProduct": false,
          "navBarDetails": {
              "isTransparent": false
          },
          "productOrders": [],
          "frequencyArray": [
              {
                  "id": 8,
                  "deliver_frequency": "daily"
              }
          ],
          "productDetails": {
              "id": 186616,
              "featuredImage": "themes/footwearTheme/Benetton_1.jpg",
              "isDigitalProduct": false,
              "name": "Solid Pattern Slip-On Shoes",
              "qty": null,
              "orderQuantityMinimum": null,
              "orderQuantityMaximum": null,
              "isTaxable": false,
              "isSubscription": false,
              "description": "<p><span style=\"background-color:rgb(255,255,255);color:rgb(118,118,118);\">Introducing these sleek slip-on shoes, designed with a solid pattern for a timeless appeal. Crafted with utmost precision, these shoes effortlessly combine style and comfort. Slip into these versatile shoes and elevate your everyday look with a touch of sophistication. Perfect for any occasion, these slip-ons are a must-have addition to your footwear collection.</span></p>",
              "shortDescription": "For return, Unboxing video is must.",
              "isVariants": true,
              "featuredVideo": "themes/footwearTheme/benetton_video.mp4",
              "weightUnitId": null,
              "allowPreorder": false,
              "preorderAmount": null,
              "isPreOrderLimit": false,
              "preOrderTotalUsageLimit": null,
              "preOrderLimitPerCustomer": null,
              "isNotifyMe": true,
              "preOrderMessage": null,
              "preOrderDiscountType": "PERCENTAGE",
              "preorderDiff": "INCREASE",
              "isProductAddOns": false,
              "productAvailability": true,
              "isReturnable": false,
              "variantCombinationDetails": [],
              "digitalProducts": [],
              "productCategories": [
                  {
                      "id": 203852,
                      "category": {
                          "id": 15084,
                          "isDefault": false
                      }
                  }
              ],
              "productModifiers": [
                  {
                      "modifierId": 422,
                      "maxModifiers": null,
                      "minModifiers": null,
                      "defaultOptionsId": null,
                      "modifierData": {
                          "id": 422,
                          "modifierName": "Want this gift wrapped?",
                          "modifierSetMappings": [
                              {
                                  "id": 1342,
                                  "storeId": 46,
                                  "sortOrder": 1,
                                  "isDeleted": false,
                                  "modifierSetId": 422,
                                  "modifierControlId": 731,
                                  "modifier": {
                                      "id": 731,
                                      "optionValue": "Yes",
                                      "price": 5
                                  }
                              }
                          ]
                      }
                  }
              ],
              "productAddOnsImages": [],
              "productOptionMappings": [
                  {
                      "optionId": 1192,
                      "productId": 186616,
                      "option": {
                          "name": "Size",
                          "sortOrder": 1,
                          "showColors": false,
                          "optionValues": [
                              {
                                  "id": 4503,
                                  "color": "#000000",
                                  "sortOrder": 26,
                                  "optionValue": "40",
                                  "productVariantMappings": [
                                      {
                                          "skuId": 247899,
                                          "variantCombinationDetail": {
                                              "sku": "FOOTaa01234567",
                                              "price": 2000,
                                              "isDefault": true,
                                              "customLabel": "Solid Pattern Slip-On Shoes - 40",
                                              "description": null,
                                              "variantName": "40",
                                              "weightCount": 1,
                                              "wholeSalePrice": null,
                                              "costComparePrice": 3000,
                                              "multiLocationVariantStocks": [
                                                  {
                                                      "id": 336478,
                                                      "stock": -1,
                                                      "isPreorder": false,
                                                      "variantSkuId": 247899,
                                                      "inventoryLocationId": 33
                                                  },
                                                  {
                                                      "id": 336479,
                                                      "stock": -1,
                                                      "isPreorder": false,
                                                      "variantSkuId": 247899,
                                                      "inventoryLocationId": 34
                                                  },
                                                  {
                                                      "id": 336480,
                                                      "stock": -1,
                                                      "isPreorder": false,
                                                      "variantSkuId": 247899,
                                                      "inventoryLocationId": 798
                                                  },
                                                  {
                                                      "id": 336481,
                                                      "stock": -1,
                                                      "isPreorder": false,
                                                      "variantSkuId": 247899,
                                                      "inventoryLocationId": 800
                                                  }
                                              ]
                                          }
                                      }
                                  ]
                              },
                              {
                                  "id": 4502,
                                  "color": "#000000",
                                  "sortOrder": 27,
                                  "optionValue": "41",
                                  "productVariantMappings": [
                                      {
                                          "skuId": 247900,
                                          "variantCombinationDetail": {
                                              "sku": "FOOTbb01234567",
                                              "price": 2000,
                                              "isDefault": false,
                                              "customLabel": "Solid Pattern Slip-On Shoes - 41",
                                              "description": null,
                                              "variantName": "41",
                                              "weightCount": 1,
                                              "wholeSalePrice": null,
                                              "costComparePrice": 3000,
                                              "multiLocationVariantStocks": [
                                                  {
                                                      "id": 336482,
                                                      "stock": -1,
                                                      "isPreorder": false,
                                                      "variantSkuId": 247900,
                                                      "inventoryLocationId": 33
                                                  },
                                                  {
                                                      "id": 336483,
                                                      "stock": -1,
                                                      "isPreorder": false,
                                                      "variantSkuId": 247900,
                                                      "inventoryLocationId": 34
                                                  },
                                                  {
                                                      "id": 336484,
                                                      "stock": -1,
                                                      "isPreorder": false,
                                                      "variantSkuId": 247900,
                                                      "inventoryLocationId": 798
                                                  },
                                                  {
                                                      "id": 336485,
                                                      "stock": -1,
                                                      "isPreorder": false,
                                                      "variantSkuId": 247900,
                                                      "inventoryLocationId": 800
                                                  }
                                              ]
                                          }
                                      }
                                  ]
                              },
                              {
                                  "id": 4501,
                                  "color": "#000000",
                                  "sortOrder": 28,
                                  "optionValue": "42",
                                  "productVariantMappings": [
                                      {
                                          "skuId": 247901,
                                          "variantCombinationDetail": {
                                              "sku": "FOOTcc01234567",
                                              "price": 2000,
                                              "isDefault": false,
                                              "customLabel": "Solid Pattern Slip-On Shoes - 42",
                                              "description": null,
                                              "variantName": "42",
                                              "weightCount": 1,
                                              "wholeSalePrice": null,
                                              "costComparePrice": 3000,
                                              "multiLocationVariantStocks": [
                                                  {
                                                      "id": 336486,
                                                      "stock": -1,
                                                      "isPreorder": false,
                                                      "variantSkuId": 247901,
                                                      "inventoryLocationId": 33
                                                  },
                                                  {
                                                      "id": 336487,
                                                      "stock": -1,
                                                      "isPreorder": false,
                                                      "variantSkuId": 247901,
                                                      "inventoryLocationId": 34
                                                  },
                                                  {
                                                      "id": 336488,
                                                      "stock": -1,
                                                      "isPreorder": false,
                                                      "variantSkuId": 247901,
                                                      "inventoryLocationId": 798
                                                  },
                                                  {
                                                      "id": 336489,
                                                      "stock": -1,
                                                      "isPreorder": false,
                                                      "variantSkuId": 247901,
                                                      "inventoryLocationId": 800
                                                  }
                                              ]
                                          }
                                      }
                                  ]
                              }
                          ]
                      }
                  }
              ],
              "badges": null,
              "averageRatings": {
                  "count": 6,
                  "rows": [
                      {
                          "avgRatings": "4.8333333333333333"
                      }
                  ]
              },
              "variantImages": [
                  {
                      "id": 4706,
                      "itemId": 247900,
                      "attachmentCategoryTypesMappings": [
                          {
                              "id": 10130,
                              "ext": "jpg",
                              "fileUrl": "themes/footwearTheme/Benetton_1.jpg"
                          },
                          {
                              "id": 10129,
                              "ext": "jpg",
                              "fileUrl": "themes/footwearTheme/Benetton_2.jpg"
                          }
                      ],
                      "attachmentCategory": {
                          "id": 2
                      }
                  },
                  {
                      "id": 4705,
                      "itemId": 247899,
                      "attachmentCategoryTypesMappings": [
                          {
                              "id": 10127,
                              "ext": "jpg",
                              "fileUrl": "themes/footwearTheme/Benetton_1.jpg"
                          },
                          {
                              "id": 10128,
                              "ext": "jpg",
                              "fileUrl": "themes/footwearTheme/Benetton_2.jpg"
                          }
                      ],
                      "attachmentCategory": {
                          "id": 2
                      }
                  },
                  {
                      "id": 4707,
                      "itemId": 247901,
                      "attachmentCategoryTypesMappings": [
                          {
                              "id": 10131,
                              "ext": "jpg",
                              "fileUrl": "themes/footwearTheme/Benetton_1.jpg"
                          },
                          {
                              "id": 10132,
                              "ext": "jpg",
                              "fileUrl": "themes/footwearTheme/Benetton_2.jpg"
                          }
                      ],
                      "attachmentCategory": {
                          "id": 2
                      }
                  }
              ]
          },
          "categoryDetails": {
              "parentCategory": {
                  "id": 1,
                  "categoryName": "Canvas",
                  "parentCategoryId": null
              }
          },
          "websiteSettings": {
              "isAuthorizeNetEnabled": true,
              "isCashOnDelivery": true,
              "store": {
                  "id": 154,
                  "name": "Roronoa Zorooe",
                  "storeId": "5cfbc340-154a-11ed-833c-c14d946d8723",
                  "websiteUrl": "setupin.getzenbasket.com",
                  "displayName": "retail",
                  "smsVerification": false,
                  "mailVerification": true
              },
              "isBlog": true,
              "logoUrl": "STORE_154/settings/Pngtreeonline_shopping_mart_design_53442711707992880272.png",
              "storeId": 154,
              "twitter": "https://twitter.com/",
              "youtube": "https://youtube.com/",
              "currency": {
                  "currencyCode": "INR",
                  "currencySymbol": "₹"
              },
              "faceBook": "https://facebook.com/",
              "linkedIn": "https://linkedin.com/",
              "instagram": "https://instagram.com",
              "pinterest": "https://pinterest.com",
              "favIconUrl": null,
              "isPreorder": true,
              "seoKeyword": "seo1,seo2",
              "currencyCode": "INR",
              "isShopClosed": false,
              "countryIsoCode": "IN",
              "isSubscription": true,
              "seoDescription": "Hello iam description",
              "allowGuestUsers": true,
              "isBuynowEnabled": true,
              "additionalCharge": null,
              "isDepositEnabled": true,
              "isDigitalProduct": true,
              "isGiftcardEnabled": true,
              "isMultiLocationOn": null,
              "isWaitListEnabled": true,
              "isWishListEnabled": true,
              "autoReviewApproval": null,
              "isWholeSaleEnabled": false,
              "isInstructionEnabled": true,
              "isManualOrderAllowed": true,
              "discountMaxUsePercent": null,
              "isCartQuickViewEnabled": true,
              "isLoyaltyPluginEnabled": true,
              "isSpecificationEnabled": true,
              "isOptionsVariantsEnabled": true,
              "siteUnderConstructionMessage": null,
              "isQuickOrderPagePluginEnabled": true
          },
          "cartProductArray": [],
          "subscriptionSetting": {
              "id": 11,
              "uuid": "01f711c0-09af-11ee-b67e-9b41be7eadd7",
              "storeId": 212,
              "isCancel": true,
              "createdAt": "2023-06-13T05:56:15.196Z",
              "frequency": [
                  53,
                  43
              ],
              "isAllowCod": false,
              "isSkipable": true,
              "modifiedAt": "2023-06-13T05:56:15.196Z",
              "discountType": null,
              "isReschedule": true,
              "isReactivated": true,
              "discountConfig": [
                  {
                      "rangeTo": "50000005",
                      "rangeFrom": "5000000",
                      "discountRate": "55"
                  },
                  {
                      "rangeTo": "50000008",
                      "rangeFrom": "50000006",
                      "discountRate": "56"
                  },
                  {
                      "rangeTo": -1,
                      "rangeFrom": "50000008.01",
                      "discountRate": "45"
                  }
              ],
              "isUpdateProduct": true,
              "additionalCharge": null,
              "isReactivateSkip": false,
              "isAdditionalCharges": false,
              "isSingleSubscription": true,
              "additionalChargeLabel": null,
              "isUpdateShippingAddress": true
          },
          "automaticDiscountDetails": [
              {
                  "id": 593,
                  "title": "Flat 10% OFF",
                  "toAll": true,
                  "endDate": "2022-09-29T18:30:00.000Z",
                  "minValue": null,
                  "appliesTo": "PRODUCT",
                  "maxAmount": "500.00",
                  "startDate": "2022-09-14T18:30:00.000Z",
                  "description": null,
                  "discountType": {
                      "id": 1,
                      "discountName": "Percentage",
                      "discountTypeCode": "PERCENTAGE"
                  },
                  "orderMaxUses": null,
                  "discountValue": "10.00",
                  "discountTypeId": 1,
                  "userBasedMaxUse": 2,
                  "overallUsageLimit": null,
                  "restrictionBasedOn": "None",
                  "customerEligibilityType": 4
              },
              {
                  "id": 585,
                  "title": "10 to 25 % OFF",
                  "toAll": true,
                  "endDate": "2022-09-29T18:30:00.000Z",
                  "minValue": null,
                  "appliesTo": "PRODUCT",
                  "maxAmount": "100.00",
                  "startDate": "2022-09-11T18:30:00.000Z",
                  "description": null,
                  "discountType": {
                      "id": 1,
                      "discountName": "Percentage",
                      "discountTypeCode": "PERCENTAGE"
                  },
                  "orderMaxUses": null,
                  "discountValue": "50.00",
                  "discountTypeId": 1,
                  "userBasedMaxUse": 5,
                  "overallUsageLimit": null,
                  "restrictionBasedOn": "None",
                  "customerEligibilityType": 4
              }
          ],
          "sizeChartDetails": {},
          "salesCountdownTimerOffers": [
              {
                  "id": 199,
                  "timerTemplateId": 1,
                  "templateDesign": {
                      "id": 1,
                      "templateName": "Basic Timer",
                      "defaultDesign": {
                          "templateId": 1,
                          "templateName": "Basic Timer",
                          "timerBackgroundColor": "#ffffff",
                          "timeAndDayColor": "#000000",
                          "timeAndDayBackgroundColor": "#FFFFFF",
                          "applyColon": true,
                          "timeAndDayFontSize": 25,
                          "spaceBetweenDaysAndTime": 20,
                          "spaceBetweenTime": 10,
                          "timeAndDayFontFamily": "'Montserrat',sans-serif",
                          "timeandDayFontBold": true,
                          "timeAndDayHeadingColor": "#808080",
                          "timeAndDayHeadingSize": 14,
                          "timeAndDayHeadingFontFamily": "'Montserrat',sans-serif",
                          "timeAndDayHeadingBold": false,
                          "timerSecondsHeading": "Seconds",
                          "timerMinuteHeading": "Minutes",
                          "timerHourHeading": "Hours",
                          "timerDayHeading": "Days",
                          "messageAboveTimer": "",
                          "messageFontSize": 17,
                          "messageFontColor": "#000000",
                          "messageFontFamily": "'Montserrat',sans-serif",
                          "messageBold": true,
                          "messagePosition": "center",
                          "menuCategories": [
                              "Time Details",
                              "Time Heading Details",
                              "Message Details"
                          ],
                          "isStoreFront": true
                      },
                      "editorControls": {
                          "templateId": 1,
                          "templateName": "Basic Timer",
                          "controls": [
                              {
                                  "label": "Timer background color",
                                  "name": "timerBackgroundColor",
                                  "type": "ColorPicker",
                                  "under": "Time Details",
                                  "proLevelCustomization": true
                              },
                              {
                                  "label": "Time And Day background color",
                                  "name": "timeAndDayBackgroundColor",
                                  "type": "ColorPicker",
                                  "under": "Time Details",
                                  "proLevelCustomization": true
                              },
                              {
                                  "label": "Space between day and time",
                                  "name": "spaceBetweenDaysAndTime",
                                  "type": "Number",
                                  "maximum": 40,
                                  "minimum": 5,
                                  "under": "Time Details",
                                  "proLevelCustomization": true
                              },
                              {
                                  "label": "Space between time",
                                  "name": "spaceBetweenTime",
                                  "type": "Number",
                                  "maximum": 40,
                                  "minimum": 5,
                                  "under": "Time Details",
                                  "proLevelCustomization": true
                              },
                              {
                                  "label": "Time and day color",
                                  "name": "timeAndDayColor",
                                  "type": "ColorPicker",
                                  "under": "Time Details",
                                  "proLevelCustomization": true
                              },
                              {
                                  "label": "Time and day font size",
                                  "name": "timeAndDayFontSize",
                                  "type": "Number",
                                  "maximum": 40,
                                  "minimum": 5,
                                  "under": "Time Details"
                              },
                              {
                                  "label": "Time and day font family",
                                  "name": "timeAndDayFontFamily",
                                  "type": "FontFamily",
                                  "under": "Time Details"
                              },
                              {
                                  "label": "Apply bold",
                                  "name": "timeandDayFontBold",
                                  "type": "FontWeight",
                                  "under": "Time Details",
                                  "proLevelCustomization": true
                              },
                              {
                                  "label": "Apply Colon",
                                  "name": "applyColon",
                                  "type": "FontWeight",
                                  "under": "Time Details",
                                  "proLevelCustomization": true
                              },
                              {
                                  "label": "Timer Heading",
                                  "name": "timerDayHeading",
                                  "type": "Input",
                                  "required": true,
                                  "minmunLength": 2,
                                  "maximumLength": 10,
                                  "under": "Time Heading Details",
                                  "proLevelCustomization": true
                              },
                              {
                                  "label": "Timer Heading",
                                  "name": "timerHourHeading",
                                  "type": "Input",
                                  "required": true,
                                  "minmunLength": 2,
                                  "maximumLength": 10,
                                  "under": "Time Heading Details",
                                  "proLevelCustomization": true
                              },
                              {
                                  "label": "Timer Heading",
                                  "name": "timerMinuteHeading",
                                  "type": "Input",
                                  "required": true,
                                  "minmunLength": 2,
                                  "maximumLength": 10,
                                  "under": "Time Heading Details",
                                  "proLevelCustomization": true
                              },
                              {
                                  "label": "Timer Heading",
                                  "name": "timerSecondsHeading",
                                  "type": "Input",
                                  "required": true,
                                  "minmunLength": 2,
                                  "maximumLength": 10,
                                  "under": "Time Heading Details",
                                  "proLevelCustomization": true
                              },
                              {
                                  "label": "Time and day heading color",
                                  "name": "timeAndDayHeadingColor",
                                  "type": "ColorPicker",
                                  "under": "Time Heading Details",
                                  "proLevelCustomization": true
                              },
                              {
                                  "label": "Time and day heading font size",
                                  "name": "timeAndDayHeadingSize",
                                  "type": "Number",
                                  "maximum": 40,
                                  "minimum": 5,
                                  "under": "Time Heading Details"
                              },
                              {
                                  "label": "Time and day heading font family",
                                  "name": "timeAndDayHeadingFontFamily",
                                  "type": "FontFamily",
                                  "under": "Time Heading Details"
                              },
                              {
                                  "label": "Apply bold",
                                  "name": "timeAndDayHeadingBold",
                                  "type": "FontWeight",
                                  "under": "Time Heading Details",
                                  "proLevelCustomization": true
                              },
                              {
                                  "label": "Message above the timer",
                                  "name": "messageAboveTimer",
                                  "type": "Input",
                                  "required": false,
                                  "maximumLength": 80,
                                  "under": "Message Details"
                              },
                              {
                                  "label": "Message font color",
                                  "name": "messageFontColor",
                                  "type": "ColorPicker",
                                  "under": "Message Details"
                              },
                              {
                                  "label": "Message font size",
                                  "name": "messageFontSize",
                                  "type": "Number",
                                  "maximum": 40,
                                  "minimum": 5,
                                  "under": "Message Details"
                              },
                              {
                                  "label": "Message font family",
                                  "name": "messageFontFamily",
                                  "type": "FontFamily",
                                  "under": "Message Details"
                              },
                              {
                                  "label": "Message text alignment",
                                  "name": "messagePosition",
                                  "type": "Alignment",
                                  "under": "Message Details",
                                  "proLevelCustomization": true
                              },
                              {
                                  "label": "Apply bold",
                                  "name": "messageBold",
                                  "type": "FontWeight",
                                  "under": "Message Details"
                              }
                          ]
                      },
                      "isActive": true,
                      "isDeleted": false,
                      "createdAt": "2023-09-11T02:10:25.000Z",
                      "modifiedAt": "2023-09-11T02:10:25.000Z"
                  },
                  "discountType": "PERCENTAGE",
                  "title": "Offer count down",
                  "discountValue": "50.00",
                  "isDeleted": false,
                  "isAllProducts": true,
                  "isProductLevel": false,
                  "isCategoryLevel": false,
                  "storeId": 154,
                  "isEnable": true,
                  "timerPlacement": "ABOVE CART",
                  "createdAt": "2024-04-04T14:14:24.415Z",
                  "modifiedAt": "2024-04-04T14:14:24.415Z",
                  "startDate": "2024-04-03T18:30:00.000Z",
                  "endDate": "2024-07-03T18:29:59.999Z",
                  "startTime": "00:00:00",
                  "endTime": "23:00:00"
              }
          ]
      },
      "script": "themes/bundle/shared-theme/common-product-details.js",
      "innerScript": [
          "themes/bundle/shared-theme/variants-and-modifier.js",
          "themes/bundle/shared-theme/common-timer.js",
          "themes/bundle/shared-theme/product-size-chart-details.js",
          "themes/bundle/shared-theme/guest-user-popup.js"
      ],
      "selectorDetails": {
          "selector": "phase-ii-common-product-details",
          "inputData": [
              {
                  "selectorInput": "salesCountdownTimerOffers",
                  "handlerInput": "sampleData.salesCountdownTimerOffers"
              },
              {
                  "selectorInput": "customerPreorderLimit",
                  "handlerInput": "sampleData.orderCount",
                  "functionName": "checkCustomerLimit"
              },
              {
                  "selectorInput": "constantProductDetails",
                  "handlerInput": "previewDetails.storePageSetup.savedPageContent"
              },
              {
                  "selectorInput": "navBarDetails",
                  "handlerInput": "sampleData.navBarDetails"
              },
              {
                  "selectorInput": "productDetails",
                  "handlerInput": "sampleData.productDetails",
                  "functionName": "getOneProductDetails"
              },
              {
                  "selectorInput": "websiteSettings",
                  "handlerInput": "sampleData.websiteSettings",
                  "functionName": "getWebsiteSettings"
              },
              {
                  "selectorInput": "locationId",
                  "handlerInput": "sampleData.locationId"
              },
              {
                  "selectorInput": "userData",
                  "handlerInput": "sampleData.userData"
              },
              {
                  "selectorInput": "orderId",
                  "handlerInput": "sampleData.orderId"
              },
              {
                  "selectorInput": "cartProductArray",
                  "handlerInput": "sampleData.cartProductArray",
                  "functionName": "getCartProducts"
              },
              {
                  "selectorInput": "productOrders",
                  "handlerInput": "sampleData.productOrders",
                  "functionName": "getProductOrders"
              },
              {
                  "selectorInput": "categoryId",
                  "handlerInput": "sampleData.categoryId"
              },
              {
                  "selectorInput": "automaticDiscountDetails",
                  "handlerInput": "sampleData.automaticDiscountDetails"
              },
              {
                  "selectorInput": "isNoProduct",
                  "handlerInput": "sampleData.isNoProduct"
              },
              {
                  "selectorInput": "categoryDetails",
                  "handlerInput": "sampleData.categoryDetails",
                  "functionName": "getCategoryNameForProduct"
              },
              {
                  "selectorInput": "ogsDetails",
                  "handlerInput": "sampleData.ogsDetails",
                  "functionName": "setOgsDetails"
              },
              {
                  "selectorInput": "isWishlist",
                  "handlerInput": "sampleData.isWishlist"
              },
              {
                  "selectorInput": "sizeChartDetails",
                  "handlerInput": "sampleData.sizeChartDetails",
                  "functionName": "getProductSizeChartDetails"
              }
          ],
          "outputData": [
              {
                  "selectorOutput": "cartData",
                  "handlerFunction": "addToCart"
              },
              {
                  "selectorOutput": "wishlistData",
                  "handlerFunction": "addRemoveFromWishlist"
              },
              {
                  "selectorOutput": "pageToNavigate",
                  "handlerFunction": "pageToNavigate"
              },
              {
                  "selectorOutput": "notifyDetails",
                  "handlerFunction": "addToWaitList"
              },
              {
                  "selectorOutput": "selectedVariant",
                  "handlerFunction": "getDiscountDetailsForSingleProduct"
              },
              {
                  "selectorOutput": "recentlyViewed",
                  "handlerFunction": "createRecentlyViewedProducts"
              }
          ]
      }
  },
  {
      "sectionId": 2,
      "isVisible": true,
      "sectionName": "Buy X Get Y Discount Details",
      "isExistingComponent": true,
      "details": {
          "showDiscountTitle": true,
          "discountTitle": "Buy more and Save more",
          "seeMoreText": "See more discounts"
      },
      "sampleData": {
          "isNoProduct": false,
          "buyxGetyDiscountDetails": [
              {
                  "id": 74,
                  "title": "abc",
                  "description": null,
                  "overallUsageLimit": 2,
                  "userBasedMaxUse": 1,
                  "customerEligibilityType": 2352,
                  "createdAt": "2022-10-18T06:50:18.259Z",
                  "buyxData": [
                      {
                          "rowId": 0,
                          "buyxItem": {
                              "id": 13165,
                              "name": "Cake - Green,Small",
                              "price": "150.00",
                              "productId": 11968,
                              "featuredImage": "products/variants1665730604914.jpg"
                          },
                          "quantity": 2
                      }
                  ],
                  "getyData": [
                      {
                          "rowId": 0,
                          "getyItem": {
                              "id": 4455,
                              "name": "Chicken Hakka Noodles",
                              "price": "13.99",
                              "productId": 3182,
                              "featuredImage": null
                          },
                          "getyPercentage": 10
                      }
                  ],
                  "buyxItemIsProduct": true,
                  "getyItemIsProduct": true,
                  "discountMappings": [],
                  "selectedProductDetails": {
                      "productName": "Cake",
                      "variantName": "Green,Small",
                      "id": 11968,
                      "variantId": 13165
                  }
              },
              {
                  "id": 73,
                  "title": "Offer offer",
                  "description": null,
                  "overallUsageLimit": 3,
                  "userBasedMaxUse": 3,
                  "customerEligibilityType": 2352,
                  "createdAt": "2022-10-18T06:49:39.429Z",
                  "buyxData": [
                      {
                          "rowId": 0,
                          "buyxItem": {
                              "id": 13165,
                              "name": "Cake - Green,Small",
                              "price": "150.00",
                              "productId": 11968,
                              "featuredImage": "products/variants1665730604914.jpg"
                          },
                          "quantity": 3
                      }
                  ],
                  "getyData": [
                      {
                          "rowId": 0,
                          "getyItem": {
                              "id": 1944,
                              "name": "Dove Deep Pure Oil Control Face Wash 50gms",
                              "price": "1.37",
                              "productId": 1979,
                              "featuredImage": null
                          },
                          "getyPercentage": 30
                      }
                  ],
                  "buyxItemIsProduct": true,
                  "getyItemIsProduct": true,
                  "discountMappings": [],
                  "selectedProductDetails": {
                      "productName": "Cake",
                      "variantName": "Green,Small",
                      "id": 11968,
                      "variantId": 13165
                  }
              },
              {
                  "id": 70,
                  "title": "Offer",
                  "description": null,
                  "overallUsageLimit": null,
                  "userBasedMaxUse": 2,
                  "customerEligibilityType": 2352,
                  "createdAt": "2022-10-14T09:36:55.319Z",
                  "buyxData": [
                      {
                          "rowId": 0,
                          "buyxItem": {
                              "id": 13165,
                              "name": "Cake - Green,Small",
                              "price": "150.00",
                              "productId": 11968,
                              "featuredImage": "products/variants1665730604914.jpg"
                          },
                          "quantity": 5
                      }
                  ],
                  "getyData": [
                      {
                          "rowId": 0,
                          "getyItem": {
                              "id": 13165,
                              "name": "Cake - Green,Small",
                              "price": "150.00",
                              "productId": 11968,
                              "featuredImage": "products/variants1665730604914.jpg"
                          },
                          "getyPercentage": 20
                      }
                  ],
                  "buyxItemIsProduct": true,
                  "getyItemIsProduct": true,
                  "discountMappings": [],
                  "selectedProductDetails": {
                      "productName": "Cake",
                      "variantName": "Green,Small",
                      "id": 11968,
                      "variantId": 13165
                  }
              }
          ],
          "websiteSettings": {}
      },
      "script": "themes/bundle/shared-theme/buyx-gety-details.js",
      "selectorDetails": {
          "selector": "phase-ii-buyx-gety-details",
          "inputData": [
              {
                  "selectorInput": "productDetails",
                  "handlerInput": "sampleData.productDetails"
              },
              {
                  "selectorInput": "locationId",
                  "handlerInput": "sampleData.locationId"
              },
              {
                  "selectorInput": "displayDetails",
                  "handlerInput": "previewDetails.storePageSetup.savedPageContent"
              },
              {
                  "selectorInput": "buyxGetyDiscountDetails",
                  "handlerInput": "sampleData.buyxGetyDiscountDetails"
              },
              {
                  "selectorInput": "websiteSettings",
                  "handlerInput": "sampleData.websiteSettings"
              },
              {
                  "selectorInput": "isNoProduct",
                  "handlerInput": "sampleData.isNoProduct"
              },
              {
                  "selectorOutput": "pageToNavigate",
                  "handlerFunction": "pageToNavigate"
              }
          ],
          "outputData": [
            {
              "selectorOutput": "pageToNavigate",
              "handlerFunction": "pageToNavigate"
          }
          ]
      }
  },
  {
      "sectionId": 3,
      "isVisible": true,
      "sectionName": "Additional Information",
      "isExistingComponent": true,
      "details": {
          "pageDesign": "designTemplateTwo",
          "showProductDescriptionTab": "true",
          "productDescriptionTabText": "Product Description",
          "showReviewTab": "true",
          "reviewTabText": "Review",
          "showSpecificationTab": "true",
          "specificationTabText": "Specifications",
          "showFaqTab": "true",
          "faqTabText": "FAQ",
          "showRatingTitle": "true",
          "ratingTitle": "Overall Rating",
          "showStarRatings": "true",
          "showVerifiedRatings": "true",
          "showRatingBar": "true",
          "showReviewDescription": "true",
          "newReviewDescription": "Share your thoughts with other customers",
          "showUserFullName": "true",
          "showUploadedImages": "true",
          "showVerfiedPurchase": "true",
          "showReviewDate": "true",
          "showReviewTitle": "true",
          "showReviewMessage": "true",
          "showHelpfulButton": "true",
          "shownotSatisfiedButton": "true",
          "experienceText": "How was your experience with",
          "uploadImageTitle": "Show off your look",
          "uploadImageDescription": "Images are more helpful than text",
          "uploadImageButtonText": "Upload Photo",
          "newReviewButtonText": "Write Review",
          "showWriteReviewButton": true
      },
      "sampleData": {
          "isNoProduct": false,
          "productVideos": [
              "themes/shared/ZenBasket Promotional Video.mp4"
          ],
          "tabSectionDetails": {
              "productId": 81,
              "description": "Pizza is a type of food that was created in Italy (The Naples area). It is made with different toppings.",
              "specificationDetails": [
                  {
                      "title": "Browse Type",
                      "description": "Smartphones"
                  },
                  {
                      "title": "Model Number",
                      "description": "V2132"
                  },
                  {
                      "title": "Model Name",
                      "description": "V23 Pro 5G"
                  },
                  {
                      "title": "Color",
                      "description": "Stardust Black"
                  },
                  {
                      "title": "In The Box",
                      "description": "Handset, Headset, Documentation, USB Cable, Charger, 3.5mm Earphone Jack Adapter, Eject Tool, Phone Case, Protective Film (Applied)"
                  },
                  {
                      "title": "Sample title",
                      "description": "Sample description"
                  }
              ],
              "productReviews": [
                  {
                      "id": 28,
                      "reviewTitle": "Food Review",
                      "reviewMessage": "Good",
                      "createdBy": 6,
                      "ratings": 5,
                      "likes": null,
                      "disLikes": null,
                      "createdAt": "2022-03-25T10:34:17.432Z",
                      "isApproved": true,
                      "reviewAttachments": [
                          {
                              "id": 25,
                              "fileUrl": "themes/shared/cake.jpg",
                              "ext": "jpg"
                          }
                      ],
                      "fullName": "shri Abi",
                      "shortName": "SA"
                  },
                  {
                      "id": 29,
                      "reviewTitle": "Cake Review",
                      "reviewMessage": "Good",
                      "createdBy": 6,
                      "ratings": 4,
                      "likes": null,
                      "disLikes": null,
                      "createdAt": "2022-03-25T10:59:34.819Z",
                      "reviewAttachments": [
                          {
                              "id": 26,
                              "fileUrl": "themes/restaurant/vegpizza.png",
                              "ext": "png"
                          }
                      ],
                      "fullName": "shri Abi",
                      "shortName": "SA"
                  }
              ],
              "averageRatings": {
                  "count": 3,
                  "rows": [
                      {
                          "avgRatings": "4.3333333333333333"
                      }
                  ]
              },
              "productAttachments": [
                  {
                      "ext": "jpg",
                      "imageUrl": "themes/shared/cakes.jpg",
                      "id": 1
                  },
                  {
                      "ext": "jpg",
                      "imageUrl": "themes/shared/cake.jpg",
                      "id": 2
                  },
                  {
                      "ext": "jpg",
                      "imageUrl": "themes/bakery/cakes1.jpg",
                      "id": 3
                  }
              ],
              "productFrequentlyAskedQuestions": [
                  {
                      "question": "When will be delivered?",
                      "answer": "Delivered within an hour"
                  }
              ],
              "users": [
                  {
                      "firstName": "Siraaju",
                      "lastName": "Rahim",
                      "id": 2
                  },
                  {
                      "firstName": "Durga",
                      "lastName": "Padmanaban",
                      "id": 6
                  }
              ],
              "groupProductRatings": [
                  {
                      "ratings": 3,
                      "count": "2"
                  },
                  {
                      "ratings": 2,
                      "count": "1"
                  }
              ],
              "featuredImage": "themes/shared/cakes.jpg",
              "name": "Cake",
              "isOrderedProduct": "true"
          },
          "websiteSettings": {
              "currency": {
                  "currencySymbol": "竄ｹ",
                  "currencyCode": "INR"
              },
              "isInstructionEnabled": true,
              "isWholeSaleEnabled": true,
              "autoReviewApproval": true
          }
      },
      "script": "themes/bundle/shared-theme/common-additional-info.js",
      "selectorDetails": {
          "selector": "phase-ii-common-additional-info",
          "inputData": [
              {
                  "selectorInput": "displayDetails",
                  "handlerInput": "previewDetails.storePageSetup.savedPageContent"
              },
              {
                  "selectorInput": "tabSectionDetails",
                  "handlerInput": "sampleData.tabSectionDetails"
              },
              {
                  "selectorInput": "productVideos",
                  "handlerInput": "sampleData.productVideos"
              },
              {
                  "selectorInput": "websiteSettings",
                  "handlerInput": "sampleData.websiteSettings"
              },
              {
                  "selectorInput": "isNoProduct",
                  "handlerInput": "sampleData.isNoProduct"
              },
              {
                  "selectorInput": "sizeChartDetails",
                  "handlerInput": "sampleData.sizeChartDetails"
              }
          ],
          "outputData": [
              {
                  "selectorOutput": "newReviewData",
                  "handlerFunction": "createReview"
              },
              {
                  "selectorOutput": "likeClicked",
                  "handlerFunction": "likeClicked"
              },
              {
                  "selectorOutput": "dislikeClicked",
                  "handlerFunction": "dislikeClicked"
              },
              {
                "selectorOutput": "pageToNavigate",
                "handlerFunction": "pageToNavigate"
            }
          ]
      }
  },
  {
      "sectionId": 4,
      "isVisible": true,
      "sectionName": "Related Products",
      "isExistingComponent": true,
      "details": {
          "showCrosssellProducts": true,
          "crosssellProductsTitle": "You may also like",
          "showUpsellProducts": true,
          "upsellProductsTitle": "Related Products"
      },
      "script": "themes/bundle/shared-theme/related-products.js",
      "selectorDetails": {
          "selector": "phase-ii-related-products",
          "inputData": [
              {
                  "selectorInput": "displayDetails",
                  "handlerInput": "previewDetails.storePageSetup.savedPageContent"
              },
              {
                  "selectorInput": "relatedProducts",
                  "handlerInput": "sampleData.relatedProducts",
                  "functionName": "getRelatedProducts"
              },
              {
                  "selectorInput": "websiteSettings",
                  "handlerInput": "sampleData.websiteSettings"
              },
              {
                  "selectorInput": "productOrders",
                  "handlerInput": "sampleData.productOrders"
              },
              {
                  "selectorInput": "orderId",
                  "handlerInput": "sampleData.orderId"
              },
              {
                  "selectorInput": "customerId",
                  "handlerInput": "sampleData.customerId"
              },
              {
                  "selectorInput": "isNoProduct",
                  "handlerInput": "sampleData.isNoProduct"
              }
          ],
          "outputData": [
              {
                  "selectorOutput": "pageToNavigate",
                  "handlerFunction": "pageToNavigate"
              }
          ]
      },
      "sampleData": {
          "isNoProduct": false,
          "relatedProducts": {
              "upsellProducts": [
                  {
                      "code": "UPSELL_PRODUCT",
                      "id": 285,
                      "products": {
                          "costComparePrice": 100,
                          "featuredImage": "Products/bag21666341258053.jpg",
                          "id": 12427,
                          "isVariants": true,
                          "multiLocationVariantStocks": [],
                          "name": "SKYBAGS",
                          "price": 95,
                          "productAvailability": true,
                          "variantId": 13889,
                          "weightCount": "0.20",
                          "weightUnitId": 9,
                          "productId": 12210,
                          "relatedProductId": 12427,
                          "sortOrder": 3
                      }
                  },
                  {
                      "code": "UPSELL_PRODUCT",
                      "id": 286,
                      "products": {
                          "costComparePrice": 0,
                          "featuredImage": "Products/bag21666341258053.jpg",
                          "id": 10280,
                          "isVariants": true,
                          "multiLocationVariantStocks": [],
                          "name": "SKYBAGS",
                          "price": 89,
                          "productAvailability": true,
                          "variantId": 11801,
                          "weightCount": "0.20",
                          "weightUnitId": 9,
                          "productId": 12210,
                          "relatedProductId": 10280,
                          "sortOrder": 4
                      }
                  }
              ],
              "crosssellProducts": [
                  {
                      "code": "UPSELL_PRODUCT",
                      "id": 285,
                      "products": {
                          "costComparePrice": 100,
                          "featuredImage": "Products/bag21666341258053.jpg",
                          "id": 12427,
                          "isVariants": true,
                          "multiLocationVariantStocks": [],
                          "name": "SKYBAGS",
                          "price": 95,
                          "productAvailability": true,
                          "variantId": 13889,
                          "weightCount": "0.20",
                          "weightUnitId": 9,
                          "productId": 12210,
                          "relatedProductId": 12427,
                          "sortOrder": 3
                      }
                  },
                  {
                      "code": "UPSELL_PRODUCT",
                      "id": 286,
                      "products": {
                          "costComparePrice": 0,
                          "featuredImage": "Products/bag21666341258053.jpg",
                          "id": 10280,
                          "isVariants": true,
                          "multiLocationVariantStocks": [],
                          "name": "SKYBAGS",
                          "price": 89,
                          "productAvailability": true,
                          "variantId": 11801,
                          "weightCount": "0.20",
                          "weightUnitId": 9,
                          "productId": 12210,
                          "relatedProductId": 10280,
                          "sortOrder": 4
                      }
                  }
              ]
          }
      }
  },
  {
      "sectionId": 5,
      "sectionName": "Frequently bought together",
      "isExistingComponent": true,
      "details": {
          "textAlign": "center",
          "heading": "Frequently Bought Together"
      },
      "sampleData": {
          "getFrequentlyBoughtTogether": {
              "fbtProductMappings": [
                  {
                      "id": 497,
                      "storeId": 391,
                      "fbtId": 149,
                      "discountType": "FIXED",
                      "discountValue": 100,
                      "variantId": 237015,
                      "productId": 126011,
                      "combinationName": "1",
                      "name": "Modern Art",
                      "stock": -1,
                      "image": "STORE_391/products/view_1687436473543_S391.png",
                      "costComparePrice": null,
                      "price": "21.00",
                      "weightUnit": null,
                      "weightCount": "1.00",
                      "oldPrice": "21.00",
                      "newPrice": "21.00",
                      "fbtPrice": "21.00",
                      "selected": true,
                      "isFbt": true,
                      "quantity": "1.00",
                      "show": true
                  },
                  {
                      "id": 498,
                      "storeId": 391,
                      "fbtId": 149,
                      "discountType": "PERCENTAGE",
                      "discountValue": 100,
                      "variantId": 164540,
                      "productId": 126009,
                      "combinationName": "",
                      "name": "Queen Portrait",
                      "stock": -1,
                      "image": "STORE_391/products/queen_1687436365787_S391.png",
                      "costComparePrice": null,
                      "price": "36000.00",
                      "weightUnit": null,
                      "weightCount": null,
                      "oldPrice": "36000.00",
                      "newPrice": 0,
                      "fbtPrice": 0,
                      "selected": true,
                      "isFbt": true,
                      "quantity": 1,
                      "show": true
                  }
              ],
              "id": 149,
              "isActive": true,
              "enable": false
          }
      },
      "script": "themes/bundle/shared-theme/frequently-bought-together.js",
      "selectorDetails": {
          "selector": "phase-ii-frequently-bought-together",
          "inputData": [
              {
                  "selectorInput": "frequentlyBoughtTogetherDetails",
                  "handlerInput": "previewDetails.storePageSetup.savedPageContent"
              },
              {
                  "selectorInput": "websiteSettings",
                  "handlerInput": "sampleData.websiteSettings"
              },
              {
                  "selectorInput": "getFrequentlyBoughtTogether",
                  "handlerInput": "sampleData.getFrequentlyBoughtTogether",
                  "functionName": "getFrequentlyBoughtTogether"
              }
          ],
          "outputData": [
              {
                  "selectorOutput": "pageToNavigate",
                  "handlerFunction": "pageToNavigate"
              },
              {
                  "selectorOutput": "addBulkProductsInCart",
                  "handlerFunction": "addBulkProductsInCart"
              }
          ]
      }
  }
]