[
  {
      "id": 1,
      "sectionName": "Contact Form",
      "isExistingComponent": true,
      "controls": [
          {
              "groupName": "General Settings",
              "groupControls": [
                  {
                      "type": "Color Picker",
                      "name": "formBackgroundColor",
                      "label": "Form background color"
                  },
                  {
                      "type": "Checkbox",
                      "name": "termsAndPrivacy",
                      "label": "Show terms and privacy"
                  }
              ]
          },
          {
              "groupName": "Text Settings",
              "groupControls": [
                  {
                      "type": "Text Area",
                      "name": "contactUsPageText",
                      "label": "Contact page text",
                      "errors": [
                          {
                              "name": "required"
                          },
                          {
                              "name": "maxlength",
                              "length": 120
                          }
                      ]
                  },
                  {
                      "type": "Font Style",
                      "name": "textFontStyle",
                      "label": "Contact page font style"
                  },
                  {
                      "type": "Dropdown",
                      "name": "textFontFamily",
                      "label": "Contact page font family"
                  },
                  {
                      "type": "Slider",
                      "name": "textSize",
                      "label": "Contact page text size",
                      "options": [
                          10,
                          80
                      ]
                  },
                  {
                      "type": "Color Picker",
                      "name": "textColor",
                      "label": "Contact page text color"
                  },
                  {
                      "type": "Text Area",
                      "name": "contactUsPageSubTitle",
                      "label": "Contact page subtitle",
                      "errors": [
                          {
                              "name": "required"
                          },
                          {
                              "name": "maxlength",
                              "length": 100
                          }
                      ]
                  },
                  {
                      "type": "Font Style",
                      "name": "subtextFontStyle",
                      "label": "Contact page subtitle style"
                  },
                  {
                      "type": "Dropdown",
                      "name": "subtextFontFamily",
                      "label": "Contact page subtitle family"
                  },
                  {
                      "type": "Slider",
                      "name": "subTextSize",
                      "label": "Contact page subtitle size",
                      "options": [
                          10,
                          80
                      ]
                  },
                  {
                      "type": "Color Picker",
                      "name": "subTextColor",
                      "label": "Contact page subtitle color"
                  }
              ]
          },
          {
              "groupName": "Contact-us Form Settings",
              "groupControls": [
                  {
                      "type": "Contact Form",
                      "name": "formSetting",
                      "label": "Form Settings"
                  }
              ]
          }
      ]
  }
]