[
  {
      "sectionId": 3,
      "details": {
          "productListDetails": {
              "productCardDesign": "retailProductList",
              "productCount": 20,
              "gridStyle": "fixed",
              "columnGap": 30,
              "rowGap": 30,
              "aspectWidth": "1",
              "aspectHeight": "1",
              "imageSize": "contain",
              "isDisplayPrice": true,
              "isFavoriteMainProduct": true,
              "manyStockLabel": "Many In Stock",
              "availabilityHeading": "Availability",
              "taxButtonText": "Inclusive Tax",
              "isDisplayRating": true,
              "showNavigationsection": true,
              "showFilterAndSort": true,
              "textSize": 16,
              "columnNo": 4,
              "isAddButtonEnabled": true,
              "addToBagButtonText": "Add to Bag",
              "isStar": true,
              "ratingColor": "#ffd700",
              "restaurantFoodCategory": false,
              "filterData": {
                  "showSortOption": true,
                  "showFilterOption": true,
                  "sortArray": [
                      {
                          "display": "Name : Ascending",
                          "isVisible": true,
                          "value": {
                              "fieldName": "name",
                              "order": "ASC"
                          }
                      },
                      {
                          "display": "Name : Descending",
                          "isVisible": true,
                          "value": {
                              "fieldName": "name",
                              "order": "DESC"
                          }
                      },
                      {
                          "display": "Price : Highest first",
                          "isVisible": true,
                          "value": {
                              "fieldName": "price",
                              "order": "DESC"
                          }
                      },
                      {
                          "display": "Price : Lowest first",
                          "isVisible": true,
                          "value": {
                              "fieldName": "price",
                              "order": "ASC"
                          }
                      }
                  ],
                  "filterArray": [
                      {
                          "filterName": "Price",
                          "type": "check-box",
                          "fieldName": "price",
                          "optionType": "Range",
                          "isDefault": true,
                          "isVisible": true,
                          "options": [
                              {
                                  "display": "$0 - $499",
                                  "value": {
                                      "begin": 0,
                                      "end": 499
                                  }
                              },
                              {
                                  "display": "$500 - $999",
                                  "value": {
                                      "begin": 500,
                                      "end": 999
                                  }
                              },
                              {
                                  "display": "$1000 - $1999",
                                  "value": {
                                      "begin": 1000,
                                      "end": 1999
                                  }
                              },
                              {
                                  "display": "$2000 - $3999",
                                  "value": {
                                      "begin": 2000,
                                      "end": 3999
                                  }
                              },
                              {
                                  "display": "$4000 - $10000",
                                  "value": {
                                      "begin": 4000,
                                      "end": 10000
                                  }
                              }
                          ]
                      },
                      {
                          "filterName": "Customer Ratings",
                          "type": "radio-option",
                          "fieldName": "rating",
                          "optionType": "Condition",
                          "isDefault": true,
                          "isVisible": false,
                          "options": [
                              {
                                  "display": "4 stars & above",
                                  "value": {
                                      "op": ">",
                                      "value": 4
                                  }
                              },
                              {
                                  "display": "3 stars & above",
                                  "value": {
                                      "op": ">",
                                      "value": 3
                                  }
                              },
                              {
                                  "display": "2 stars & above",
                                  "value": {
                                      "op": ">",
                                      "value": 2
                                  }
                              },
                              {
                                  "display": "1 star & above",
                                  "value": {
                                      "op": ">",
                                      "value": 1
                                  }
                              }
                          ]
                      },
                      {
                          "filterName": "Stock",
                          "type": "radio-option",
                          "fieldName": "stock",
                          "optionType": "Simple",
                          "isDefault": true,
                          "isVisible": true,
                          "options": [
                              {
                                  "display": "Instock",
                                  "value": "inStock"
                              },
                              {
                                  "display": "Out of stock",
                                  "value": "outOfStock"
                              }
                          ]
                      }
                  ]
              }
          }
      },
      "script": "themes/bundle/shared-theme/common-parent-product-list.js",
      "innerScript": [
          "themes/bundle/shared-theme/common-product-list.js",
          "themes/bundle/shared-theme/product-filter.js",
          "themes/bundle/shared-theme/variants-and-modifier.js",
          "themes/bundle/shared-theme/common-timer.js"
      ],
      "selectorDetails": {
          "selector": "phase-ii-common-parent-product-list",
          "inputData": [
              {
                  "selectorInput": "salesCountdownTimerDiscounts",
                  "functionName": "getAllSalesCountdownTimerDiscounts",
                  "handlerInput": "sampleData.salesCountdownTimerDiscounts"
              },
              {
                  "selectorInput": "categoryList",
                  "handlerInput": "sampleData.categoryList",
                  "functionName": "getCategories"
              },
              {
                  "selectorInput": "productPageDetails",
                  "handlerInput": "previewDetails.storePageSetup.savedPageContent",
                  "functionName": "getFilterDetails"
              },
              {
                  "selectorInput": "productArray",
                  "handlerInput": "sampleData.productArray"
              },
              {
                  "selectorInput": "orderId",
                  "handlerInput": "sampleData.orderId"
              },
              {
                  "selectorInput": "customerId",
                  "handlerInput": "sampleData.customerId"
              },
              {
                  "selectorInput": "paginationDetails",
                  "handlerInput": "sampleData.paginationDetails"
              },
              {
                  "selectorInput": "menuCategoryAvailability",
                  "handlerInput": "sampleData.menuCategoryAvailability"
              },
              {
                  "selectorInput": "productOrders",
                  "handlerInput": "sampleData.productOrders",
                  "functionName": "getProductOrders"
              },
              {
                  "selectorInput": "selectedDetails",
                  "handlerInput": "sampleData.selectedDetails"
              },
              {
                  "selectorInput": "foodCategories",
                  "handlerInput": "sampleData.foodCategories",
                  "functionName": "getFoodCategories"
              },
              {
                  "selectorInput": "foodSelectedCategoryId",
                  "handlerInput": "sampleData.foodSelectedCategoryId"
              },
              {
                  "selectorInput": "cartProductArray",
                  "handlerInput": "sampleData.cartProductArray"
              },
              {
                  "selectorInput": "productDetails",
                  "handlerInput": "sampleData.productDetails"
              },
              {
                  "selectorInput": "isWishlist",
                  "handlerInput": "sampleData.isWishlist"
              },
              {
                  "selectorInput": "salesCountdownTimerOffers",
                  "handlerInput": "sampleData.salesCountdownTimerOffers"
              }
          ],
          "outputData": [
              {
                  "selectorOutput": "filterResult",
                  "handlerFunction": "filterAction"
              },
              {
                  "selectorOutput": "pageToNavigate",
                  "handlerFunction": "pageToNavigate"
              },
              {
                  "selectorOutput": "updatedQuantity",
                  "handlerFunction": "addToCartProduct"
              },
              {
                  "selectorOutput": "addRemoveFromWishlist",
                  "handlerFunction": "addRemoveFromWishlist"
              },
              {
                  "selectorOutput": "emitData",
                  "handlerFunction": "onDataEmit"
              },
              {
                  "selectorOutput": "selectedCategoryDetails",
                  "handlerFunction": "selectedCategoryEmit"
              },
              {
                  "selectorOutput": "foodCategory",
                  "handlerFunction": "getFoodCategory"
              },
              {
                  "selectorOutput": "searchTextEmit",
                  "handlerFunction": "searchTextEmitRetail"
              },
              {
                  "selectorOutput": "cartData",
                  "handlerFunction": "addToCart"
              },
              {
                  "selectorOutput": "getCartProductArray",
                  "handlerFunction": "getCartProducts"
              },
              {
                  "selectorOutput": "getOneProduct",
                  "handlerFunction": "getOneProductDetails"
              },
              {
                  "selectorOutput": "recentlyViewed",
                  "handlerFunction": "createRecentlyViewedProducts"
              },
              {
                  "selectorOutput": "selectedVariant",
                  "handlerFunction": "getWishlistDetails"
              }
          ]
      },
      "sectionName": "Product List",
      "isExistingComponent": true,
      "sampleData": {
          "salesCountdownTimerOffers": {},
          "categoryList": [
              {
                  "id": 1,
                  "categoryName": "Office Decor",
                  "subCategory": []
              }
          ],
          "selectedDetails": {
              "categoryDetails": {
                  "id": 1,
                  "categoryName": "Office Decor",
                  "category": {
                      "id": 1,
                      "name": "Office Decor"
                  }
              },
              "filterDetails": {},
              "searchText": null
          },
          "foodCategories": [
              {
                  "id": 0,
                  "name": "All"
              },
              {
                  "id": 1,
                  "name": "Veg",
                  "color": "green"
              },
              {
                  "id": 2,
                  "name": "Non-veg",
                  "color": "red"
              }
          ],
          "productArray": [
              {
                  "id": 1,
                  "productId": "prod-1",
                  "name": "Zampa_Soiree_Brut",
                  "featuredImage": "themes/beverages/Zampa_Soiree_Brut.png",
                  "price": "825.00",
                  "costComparePrice": "1000.00",
                  "propertyValueId": null,
                  "multiLocationProductStocks": [],
                  "multiLocationVariantStocks": [
                      {
                          "id": 7,
                          "stock": 55,
                          "qtyOnHold": null
                      }
                  ],
                  "ratings": 4,
                  "qty": 4,
                  "quantity": 0,
                  "show": true
              },
              {
                  "id": 2,
                  "productId": "prod-2",
                  "name": "ampa_Rose_Brut",
                  "featuredImage": "themes/beverages/Zampa_Rose_Brut.png",
                  "price": "420.00",
                  "costComparePrice": "635.00",
                  "propertyValueId": null,
                  "multiLocationProductStocks": [],
                  "multiLocationVariantStocks": [
                      {
                          "id": 8,
                          "stock": 50,
                          "qtyOnHold": null
                      }
                  ],
                  "ratings": 3,
                  "qty": 3,
                  "quantity": 0,
                  "show": true
              },
              {
                  "id": 3,
                  "productId": "prod-3",
                  "name": "Viognier_ART_Collection",
                  "featuredImage": "themes/beverages/Viognier_ART_Collection.png",
                  "price": "1599.00",
                  "costComparePrice": "2500.00",
                  "propertyValueId": null,
                  "multiLocationProductStocks": [],
                  "multiLocationVariantStocks": [
                      {
                          "id": 9,
                          "stock": 0,
                          "qtyOnHold": null
                      }
                  ],
                  "ratings": 5,
                  "qty": 2,
                  "quantity": 0,
                  "show": true
              },
              {
                  "id": 4,
                  "productId": "prod-4",
                  "name": "VIJAY_AMRITRAJ_White_Reserve",
                  "featuredImage": "themes/beverages/VIJAY_AMRITRAJ_White_Reserve.png",
                  "price": "800.00",
                  "costComparePrice": "1000.00",
                  "propertyValueId": null,
                  "multiLocationProductStocks": [],
                  "multiLocationVariantStocks": [
                      {
                          "id": 10,
                          "stock": 55,
                          "qtyOnHold": null
                      }
                  ],
                  "ratings": 2.5,
                  "qty": 5,
                  "quantity": 0
              },
              {
                  "id": 5,
                  "productId": "prod-5",
                  "name": "VIJAY_AMRITRAJ_Red_Reserve",
                  "featuredImage": "themes/beverages/VIJAY_AMRITRAJ_Red_Reserve.png",
                  "price": "500.00",
                  "costComparePrice": "800.00",
                  "propertyValueId": null,
                  "multiLocationProductStocks": [],
                  "multiLocationVariantStocks": [],
                  "ratings": 1.5,
                  "qty": 4,
                  "quantity": 0
              },
              {
                  "id": 6,
                  "productId": "prod-6",
                  "name": "Taj_Mahal_Beer_24_Bottles",
                  "featuredImage": "themes/beverages/Taj_Mahal_Beer_24_Bottles.png",
                  "price": "200.00",
                  "costComparePrice": "250.00",
                  "propertyValueId": null,
                  "multiLocationProductStocks": [],
                  "multiLocationVariantStocks": [
                      {
                          "id": 12,
                          "stock": 50,
                          "qtyOnHold": null
                      }
                  ],
                  "ratings": 2,
                  "qty": 3,
                  "quantity": 0
              },
              {
                  "id": 7,
                  "productId": "prod-7",
                  "name": "Taj_Mahal_Beer_12_Bottles",
                  "featuredImage": "themes/beverages/Taj_Mahal_Beer_12_Bottles.png",
                  "price": "200.00",
                  "costComparePrice": "250.00",
                  "propertyValueId": null,
                  "multiLocationProductStocks": [],
                  "multiLocationVariantStocks": [
                      {
                          "id": 12,
                          "stock": 50,
                          "qtyOnHold": null
                      }
                  ],
                  "ratings": 2,
                  "qty": 3,
                  "quantity": 0
              },
              {
                  "id": 8,
                  "productId": "prod-8",
                  "name": "Syrah_rose_ART_Collection",
                  "featuredImage": "themes/beverages/Syrah_rose_ART_Collection.png",
                  "price": "200.00",
                  "costComparePrice": "250.00",
                  "propertyValueId": null,
                  "multiLocationProductStocks": [],
                  "multiLocationVariantStocks": [
                      {
                          "id": 12,
                          "stock": 50,
                          "qtyOnHold": null
                      }
                  ],
                  "ratings": 2,
                  "qty": 3,
                  "quantity": 0
              },
              {
                  "id": 9,
                  "productId": "prod-9",
                  "name": "Sauvignon_Blanc",
                  "featuredImage": "themes/beverages/Sauvignon_Blanc.png",
                  "price": "200.00",
                  "costComparePrice": "250.00",
                  "propertyValueId": null,
                  "multiLocationProductStocks": [],
                  "multiLocationVariantStocks": [
                      {
                          "id": 12,
                          "stock": 50,
                          "qtyOnHold": null
                      }
                  ],
                  "ratings": 2,
                  "qty": 3,
                  "quantity": 0
              },
              {
                  "id": 10,
                  "productId": "prod-10",
                  "name": "Beer_Lao_Dark_24Bottles",
                  "featuredImage": "themes/beverages/Beer_Lao_Dark_24Bottles.png",
                  "price": "200.00",
                  "costComparePrice": "250.00",
                  "propertyValueId": null,
                  "multiLocationProductStocks": [],
                  "multiLocationVariantStocks": [
                      {
                          "id": 12,
                          "stock": 50,
                          "qtyOnHold": null
                      }
                  ],
                  "ratings": 2,
                  "qty": 3,
                  "quantity": 0
              },
              {
                  "id": 11,
                  "productId": "prod-11",
                  "name": "Angkor_Lager_Beer_24_Bottles",
                  "featuredImage": "themes/beverages/Angkor_Lager_Beer_24_Bottles.png",
                  "price": "200.00",
                  "costComparePrice": "250.00",
                  "propertyValueId": null,
                  "multiLocationProductStocks": [],
                  "multiLocationVariantStocks": [
                      {
                          "id": 12,
                          "stock": 50,
                          "qtyOnHold": null
                      }
                  ],
                  "ratings": 2,
                  "qty": 3,
                  "quantity": 0
              },
              {
                  "id": 12,
                  "productId": "prod-12",
                  "name": "OLD_MONK_10000_Super_Beer_12 Bottles",
                  "featuredImage": "themes/beverages/OLD_MONK_10000_Super_Beer_12 Bottles.png",
                  "price": "200.00",
                  "costComparePrice": "250.00",
                  "propertyValueId": null,
                  "multiLocationProductStocks": [],
                  "multiLocationVariantStocks": [
                      {
                          "id": 12,
                          "stock": 50,
                          "qtyOnHold": null
                      }
                  ],
                  "ratings": 2,
                  "qty": 3,
                  "quantity": 0
              },
              {
                  "id": 13,
                  "productId": "prod-13",
                  "name": "Myanmar_Lager_12_Bottles",
                  "featuredImage": "themes/beverages/Myanmar_Lager_12_Bottles.png",
                  "price": "200.00",
                  "costComparePrice": "250.00",
                  "propertyValueId": null,
                  "multiLocationProductStocks": [],
                  "multiLocationVariantStocks": [
                      {
                          "id": 12,
                          "stock": 50,
                          "qtyOnHold": null
                      }
                  ],
                  "ratings": 2,
                  "qty": 3,
                  "quantity": 0
              },
              {
                  "id": 14,
                  "productId": "prod-14",
                  "name": "LocoBarber_TempranilloSyrah",
                  "featuredImage": "themes/beverages/LocoBarber_TempranilloSyrah.png",
                  "price": "200.00",
                  "costComparePrice": "250.00",
                  "propertyValueId": null,
                  "multiLocationProductStocks": [],
                  "multiLocationVariantStocks": [
                      {
                          "id": 12,
                          "stock": 50,
                          "qtyOnHold": null
                      }
                  ],
                  "ratings": 2,
                  "qty": 3,
                  "quantity": 0
              },
              {
                  "id": 15,
                  "productId": "prod-15",
                  "name": "LocoBarberGrenache_ThePoliceman",
                  "featuredImage": "themes/beverages/LocoBarberGrenache_ThePoliceman.png",
                  "price": "200.00",
                  "costComparePrice": "250.00",
                  "propertyValueId": null,
                  "multiLocationProductStocks": [],
                  "multiLocationVariantStocks": [
                      {
                          "id": 12,
                          "stock": 50,
                          "qtyOnHold": null
                      }
                  ],
                  "ratings": 2,
                  "qty": 3,
                  "quantity": 0
              },
              {
                  "id": 16,
                  "productId": "prod-16",
                  "name": "LocoBarberChardonnay_The Lover",
                  "featuredImage": "themes/beverages/LocoBarberChardonnay_The Lover.png",
                  "price": "200.00",
                  "costComparePrice": "250.00",
                  "propertyValueId": null,
                  "multiLocationProductStocks": [],
                  "multiLocationVariantStocks": [
                      {
                          "id": 12,
                          "stock": 50,
                          "qtyOnHold": null
                      }
                  ],
                  "ratings": 2,
                  "qty": 3,
                  "quantity": 0
              },
              {
                  "id": 17,
                  "productId": "prod-17",
                  "name": "LocoBarberCabernetSauvignon_The Prisoner",
                  "featuredImage": "themes/beverages/LocoBarberCabernetSauvignon_The Prisoner.png",
                  "price": "200.00",
                  "costComparePrice": "250.00",
                  "propertyValueId": null,
                  "multiLocationProductStocks": [],
                  "multiLocationVariantStocks": [
                      {
                          "id": 12,
                          "stock": 50,
                          "qtyOnHold": null
                      }
                  ],
                  "ratings": 2,
                  "qty": 3,
                  "quantity": 0
              },
              {
                  "id": 18,
                  "productId": "prod-18",
                  "name": "LaReserve",
                  "featuredImage": "themes/beverages/LaReserve.png",
                  "price": "200.00",
                  "costComparePrice": "250.00",
                  "propertyValueId": null,
                  "multiLocationProductStocks": [],
                  "multiLocationVariantStocks": [
                      {
                          "id": 12,
                          "stock": 50,
                          "qtyOnHold": null
                      }
                  ],
                  "ratings": 2,
                  "qty": 3,
                  "quantity": 0
              },
              {
                  "id": 19,
                  "productId": "prod-19",
                  "name": "HimalayanSnowman_12Bottles",
                  "featuredImage": "themes/beverages/HimalayanSnowman_12Bottles.png",
                  "price": "200.00",
                  "costComparePrice": "250.00",
                  "propertyValueId": null,
                  "multiLocationProductStocks": [],
                  "multiLocationVariantStocks": [
                      {
                          "id": 12,
                          "stock": 50,
                          "qtyOnHold": null
                      }
                  ],
                  "ratings": 2,
                  "qty": 3,
                  "quantity": 0
              },
              {
                  "id": 20,
                  "productId": "prod-20",
                  "name": "FlyingHorse_12Bottles",
                  "featuredImage": "themes/beverages/FlyingHorse_12Bottles.png",
                  "price": "200.00",
                  "costComparePrice": "250.00",
                  "propertyValueId": null,
                  "multiLocationProductStocks": [],
                  "multiLocationVariantStocks": [
                      {
                          "id": 12,
                          "stock": 50,
                          "qtyOnHold": null
                      }
                  ],
                  "ratings": 2,
                  "qty": 3,
                  "quantity": 0
              },
              {
                  "id": 20,
                  "productId": "prod-20",
                  "name": "FlyingHorse_12Bottles",
                  "featuredImage": "themes/beverages/FlyingHorse_12Bottles.png",
                  "price": "200.00",
                  "costComparePrice": "250.00",
                  "propertyValueId": null,
                  "multiLocationProductStocks": [],
                  "multiLocationVariantStocks": [
                      {
                          "id": 12,
                          "stock": 50,
                          "qtyOnHold": null
                      }
                  ],
                  "ratings": 2,
                  "qty": 3,
                  "quantity": 0
              },
              {
                  "id": 21,
                  "productId": "prod-21",
                  "name": "Dansberg16000_12Bottles",
                  "featuredImage": "themes/beverages/Dansberg16000_12Bottles.png",
                  "price": "200.00",
                  "costComparePrice": "250.00",
                  "propertyValueId": null,
                  "multiLocationProductStocks": [],
                  "multiLocationVariantStocks": [
                      {
                          "id": 12,
                          "stock": 50,
                          "qtyOnHold": null
                      }
                  ],
                  "ratings": 2,
                  "qty": 3,
                  "quantity": 0
              },
              {
                  "id": 22,
                  "productId": "prod-22",
                  "name": "CheninBlanc_ART_Collection",
                  "featuredImage": "themes/beverages/CheninBlanc_ART_Collection.png",
                  "price": "200.00",
                  "costComparePrice": "250.00",
                  "propertyValueId": null,
                  "multiLocationProductStocks": [],
                  "multiLocationVariantStocks": [
                      {
                          "id": 12,
                          "stock": 50,
                          "qtyOnHold": null
                      }
                  ],
                  "ratings": 2,
                  "qty": 3,
                  "quantity": 0
              },
              {
                  "id": 23,
                  "productId": "prod-23",
                  "name": "BIRA_91_Blonde_Lager_24 Bottles",
                  "featuredImage": "themes/beverages/BIRA_91_Blonde_Lager_24 Bottles.png",
                  "price": "200.00",
                  "costComparePrice": "250.00",
                  "propertyValueId": null,
                  "multiLocationProductStocks": [],
                  "multiLocationVariantStocks": [
                      {
                          "id": 12,
                          "stock": 50,
                          "qtyOnHold": null
                      }
                  ],
                  "ratings": 2,
                  "qty": 3,
                  "quantity": 0
              },
              {
                  "id": 24,
                  "productId": "prod-24",
                  "name": "1947_Premium_Lager_12_Bottles",
                  "featuredImage": "themes/beverages/1947_Premium_Lager_12_Bottles.png",
                  "price": "200.00",
                  "costComparePrice": "250.00",
                  "propertyValueId": null,
                  "multiLocationProductStocks": [],
                  "multiLocationVariantStocks": [
                      {
                          "id": 12,
                          "stock": 50,
                          "qtyOnHold": null
                      }
                  ],
                  "ratings": 2,
                  "qty": 3,
                  "quantity": 0
              }
          ],
          "orderId": null,
          "customerId": 1,
          "paginationDetails": {
              "limit": 10,
              "offset": 0,
              "itemsCount": 30,
              "listDataSource": [
                  {},
                  {},
                  {}
              ]
          },
          "menuCategoryAvailability": [],
          "productOrders": []
      },
      "isVisible": true
  },
  {
      "sectionId": 4,
      "details": {},
      "selectorDetails": {
          "selector": "phase-ii-scroll-top",
          "inputData": [],
          "outputData": []
      },
      "script": "themes/bundle/shared-theme/scroll-top.js",
      "sectionName": "Scroll Top",
      "isExistingComponent": true,
      "sampleData": null
  }
]