[
  {
      "sectionId": 1,
      "details": {
          "bannerProperty": 1,
          "bannerDetails": {
              "bannerImage": [
                  {
                      "image": "themes/home-decor-theme/whiteBackground.jpg",
                      "imageAnimation": "none",
                      "buttonEnabled": true,
                      "textEnabled": true,
                      "bannerTextBackGroundEnabled": true,
                      "imageOverlay": false,
                      "overlayColor": "rgb(0,0,0,0.5)",
                      "subtextSize": 16,
                      "buttonLayout": "row",
                      "index": 0,
                      "buttonProperties": [
                          {
                              "buttonLink": "products",
                              "buttonColor": "white",
                              "buttonText": "SHOP NOW",
                              "buttonTextAlign": "center",
                              "buttonTextFontStyle": [
                                  "B"
                              ],
                              "buttonTextFontFamily": "'Palatino Linotype',serif",
                              "buttonTextColor": "#343643",
                              "iconEnabled": true,
                              "hoverEnabled": false,
                              "buttonCornerSize": 0,
                              "buttonType": "stroked",
                              "iconText": "chevron_right",
                              "iconColor": "#343643",
                              "iconAlign": "center",
                              "iconLayout": "row"
                          }
                      ],
                      "animation": "noAnimationTemplate",
                      "textAlign": "Bottom Center",
                      "bannerText": "Delightfully  Beautiful Items for Your Home",
                      "textFontFamily": "'Palatino Linotype',serif",
                      "textFontStyle": [],
                      "subTextFontStyle": [],
                      "bannerSubText": "Responsibly designed for robust durability. Ethically sourced for putting people and planet at first against anything else.",
                      "textColor": "#343643",
                      "subTextColor": "#4a4d60",
                      "textSize": 50,
                      "subtextFontFamily": "'Montserrat',sans-serif",
                      "showDivider": false,
                      "bannerTextBackGroundColor": "transparent",
                      "bannerTextBackGroundWidth": 700,
                      "bannerTextBackGroundBorderRadius": 0,
                      "bannerTextBackGroundPadding": 25,
                      "gapBetweenTextandSubtext": 0,
                      "gapBetweenSubtextandButton": 22
                  }
              ],
              "imageBackgroundSizeType": "cover",
              "bannerImageXAlign": 100,
              "bannerImageYAlign": 100,
              "height": 65,
              "marginLeftRight": 0,
              "marginTop": 0,
              "marginBottom": 0,
              "pausebutton": false
          },
          "headingTextEnabled": false,
          "inValid": false,
          "isChildError": false,
          "isNoDocumentUploaded": false,
          "sectionId": 1
      },
      "script": "themes/bundle/shared-theme/banner.js",
      "selectorDetails": {
          "selector": "phase-ii-banner",
          "inputData": [
              {
                  "selectorInput": "bannerDetails",
                  "handlerInput": "previewDetails.storePageSetup.savedPageContent"
              }
          ],
          "outputData": [
              {
                  "selectorOutput": "pageToNavigate",
                  "handlerFunction": "pageToNavigate"
              }
          ]
      },
      "sectionName": "Home banner",
      "isExistingComponent": true,
      "sampleData": null
  },
  {
      "sectionId": 2,
      "details": {
          "cafeDetails": [
              {
                  "imageUrl": "themes/home-decor-theme/wall shield.jpg"
              },
              {
                  "imageUrl": "themes/home-decor-theme/Pots.jpg"
              },
              {
                  "imageUrl": "themes/home-decor-theme/Design Light.jpg"
              },
              {
                  "imageUrl": "themes/home-decor-theme/Flower stand.jpg"
              }
          ]
      },
      "script": "themes/bundle/home-decor/decorator-theme/decorator-home.js",
      "selectorDetails": {
          "selector": "phase-ii-decorator-home",
          "inputData": [
              {
                  "selectorInput": "Slider",
                  "handlerInput": "previewDetails.storePageSetup.savedPageContent"
              }
          ],
          "outputData": []
      },
      "sectionName": "decorator image slider",
      "isExistingComponent": true,
      "sampleData": null
  },
  {
      "sectionId": 3,
      "details": {
          "templateSettings": {
              "displayProduct": "featuredProducts",
              "cardDisplayStyle": "CardStyle1",
              "cardContentTopHeight": 60,
              "cardContentBottomHeight": 60,
              "textFontFamily": "'Montserrat',sans-serif",
              "textFontStyle": [],
              "textColor": "black",
              "onHover": "Nothing",
              "productInfoAlignment": "center",
              "textFontSize": 14,
              "buttonAnimation": "none",
              "displayButton": true,
              "buttonPosition": "top",
              "buttonText": "View More",
              "buttonTextAlign": "right",
              "buttonFontStyle": [],
              "buttonBorderRadius": 1,
              "buttonColor": "#ffffff",
              "buttonTextColor": "#000000",
              "buttonHoverColor": "#ffffff",
              "buttonHoverTextColor": "black",
              "isDisplayBorder": false,
              "buttonBorderColor": "white",
              "buttonBorderSize": 1,
              "buttonTextSize": 16,
              "buttonPadding": 1,
              "borderPositions": [],
              "isbuttonIcon": true,
              "buttonIconType": "normal",
              "buttonHeight": 30,
              "buttonAlignWithHeading": true,
              "sliderType": "withoutSlider",
              "cardDisplayPosition": "start",
              "dataDisplayCount": 4,
              "isBackground": false,
              "displayHeading": true,
              "headingText": "Featured Products",
              "headingColor": "#050505",
              "headingFontFamily": "'Montserrat',sans-serif",
              "headingFontSize": 29,
              "headingFontStyle": [
                  "B"
              ],
              "headingHeight": 20,
              "textAlign": "left",
              "displaySubHeading": true,
              "subHeadingText": "We are inspired by the realities of life today, in which traditional divides between personal and professional space are more fluid.",
              "subHeadingColor": "#939393",
              "subHeadingFontFamily": "'Montserrat',sans-serif",
              "subHeadingFontSize": 14,
              "subHeadingFontStyle": [],
              "subHeadingHeight": 10,
              "displayDivider": false
          }
      },
      "script": "themes/bundle/shared-theme/common-slider.js",
      "selectorDetails": {
          "selector": "phase-ii-common-slider",
          "inputData": [
              {
                  "selectorInput": "sectionDetails",
                  "handlerInput": "previewDetails.storePageSetup.savedPageContent"
              },
              {
                  "selectorInput": "displayData",
                  "handlerInput": "sampleData.displayData",
                  "functionName": "getCommonSliderData"
              }
          ],
          "outputData": [
              {
                  "selectorOutput": "pageToNavigate",
                  "handlerFunction": "pageToNavigate"
              },
              {
                  "selectorOutput": "setInput",
                  "handlerFunction": "getCommonSliderData"
              }
          ]
      },
      "sectionName": "Slider Gallery",
      "isExistingComponent": true,
      "sampleData": {
          "displayData": {
              "selectedDetail": "featuredProducts",
              "data": [
                  {
                      "featuredImage": "themes/home-decor-theme/Blue ottomans.png",
                      "name": "PC Portable Lamp(Olive Green)",
                      "price": "78"
                  },
                  {
                      "featuredImage": "themes/home-decor-theme/Lamp.jpg",
                      "name": "PC Portable Lamp(Olive Green)",
                      "price": "78"
                  },
                  {
                      "featuredImage": "themes/home-decor-theme/Light Lamp.png",
                      "name": "PC Portable Lamp(Olive Green)",
                      "price": "78"
                  },
                  {
                      "featuredImage": "themes/home-decor-theme/Miniature.png",
                      "name": "PC Portable Lamp(Olive Green)",
                      "price": "78"
                  },
                  {
                      "featuredImage": "themes/home-decor-theme/Blue Pot.png",
                      "name": "PC Portable Lamp(Olive Green)",
                      "price": "78"
                  },
                  {
                      "featuredImage": "themes/home-decor-theme/Table.png",
                      "name": "PC Portable Lamp(Olive Green)",
                      "price": "78"
                  },
                  {
                      "featuredImage": "themes/home-decor-theme/Seat.jpg",
                      "name": "PC Portable Lamp(Olive Green)",
                      "price": "78"
                  },
                  {
                      "featuredImage": "themes/home-decor-theme/Designer wall.png",
                      "name": "PC Portable Lamp(Olive Green)",
                      "price": "78"
                  }
              ],
              "sectionId": 8
          }
      },
      "isVisible": true
  },
  {
      "sectionId": 4,
      "details": {
          "templateSettings": {
              "displayProduct": "featuredCategory",
              "cardDisplayStyle": "CardStyle1",
              "cardContentTopHeight": 60,
              "cardContentBottomHeight": 60,
              "textFontFamily": "'Montserrat',sans-serif",
              "textFontStyle": [],
              "textColor": "black",
              "onHover": "Nothing",
              "productInfoAlignment": "center",
              "textFontSize": 14,
              "buttonAnimation": "none",
              "displayButton": true,
              "buttonPosition": "top",
              "buttonText": "View More",
              "buttonTextAlign": "right",
              "buttonFontStyle": [],
              "buttonBorderRadius": 1,
              "buttonColor": "#ffffff",
              "buttonTextColor": "#000000",
              "buttonHoverColor": "#ffffff",
              "buttonHoverTextColor": "black",
              "isDisplayBorder": false,
              "buttonBorderColor": "white",
              "buttonBorderSize": 1,
              "buttonTextSize": 16,
              "buttonPadding": 1,
              "borderPositions": [],
              "isbuttonIcon": true,
              "buttonIconType": "normal",
              "buttonHeight": 30,
              "buttonAlignWithHeading": true,
              "sliderType": "slider",
              "isAutomatic": "withSeconds",
              "timeInterval": 3,
              "iconType": "round",
              "showArrowsOnHover": false,
              "iconColor": "black",
              "isBackground": false,
              "displayHeading": true,
              "headingText": "Featured Category",
              "headingColor": "black",
              "headingFontFamily": "'Montserrat',sans-serif",
              "headingFontSize": 28,
              "headingFontStyle": [
                  "B"
              ],
              "headingHeight": 20,
              "textAlign": "left",
              "displaySubHeading": true,
              "subHeadingText": "We are inspired by the realities of life today, in which traditional divides between personal and professional space are more fluid.",
              "subHeadingColor": "#939393",
              "subHeadingFontFamily": "'Montserrat',sans-serif",
              "subHeadingFontSize": 14,
              "subHeadingFontStyle": [],
              "subHeadingHeight": 10,
              "displayDivider": false
          }
      },
      "script": "themes/bundle/shared-theme/common-slider.js",
      "selectorDetails": {
          "selector": "phase-ii-common-slider",
          "inputData": [
              {
                  "selectorInput": "sectionDetails",
                  "handlerInput": "previewDetails.storePageSetup.savedPageContent"
              },
              {
                  "selectorInput": "displayData",
                  "handlerInput": "sampleData.displayData",
                  "functionName": "getCommonSliderData"
              }
          ],
          "outputData": [
              {
                  "selectorOutput": "pageToNavigate",
                  "handlerFunction": "pageToNavigate"
              },
              {
                  "selectorOutput": "setInput",
                  "handlerFunction": "getCommonSliderData"
              }
          ]
      },
      "sectionName": "Product Category",
      "isExistingComponent": true,
      "sampleData": {
          "categories": {
              "selectedDetail": "featuredCategory",
              "data": [
                  {
                      "categoryImageUrl": "themes/home-decor-theme/Coffee Mug.jpg",
                      "categoryName": "Kitchen"
                  },
                  {
                      "categoryImageUrl": "themes/home-decor-theme/Flower stand.jpg",
                      "categoryName": "Office"
                  },
                  {
                      "categoryImageUrl": "themes/home-decor-theme/flower.jpg",
                      "categoryName": "Lighting"
                  },
                  {
                      "categoryImageUrl": "themes/home-decor-theme/Pen Stand.jpg",
                      "categoryName": "Decoration"
                  },
                  {
                      "categoryImageUrl": "themes/home-decor-theme/Pots.jpg",
                      "categoryName": "Pots"
                  }
              ],
              "sectionId": 9
          }
      },
      "isVisible": true
  },
  {
      "sectionId": 5,
      "details": {
          "leaveSpace": true,
          "title": "Enjoy free shipping on all orders over $100",
          "color": "#FFFFFF",
          "textSize": 20,
          "fontstyle": [
              "B"
          ],
          "textFontFamily": "'Montserrat',sans-serif",
          "offerdescription": "within the contigious United States",
          "descriptioncolor": "#FFFFFF",
          "descriptiontextSize": 15,
          "descriptionfontstyle": [
              ""
          ],
          "descriptiontextFontFamily": "'Montserrat',sans-serif",
          "button": "Learn more",
          "buttoncolor": "#FFFFFF",
          "buttontextcolor": "#000000",
          "buttontextSize": 15,
          "buttonLink": "deals",
          "buttonfontstyle": [
              ""
          ],
          "buttontextFontFamily": "'Montserrat',sans-serif",
          "discount": "Sales Up To 60% OFF",
          "discountcolor": "#000000",
          "discounttextSize": 20,
          "discountfontstyle": [
              ""
          ],
          "discounttextFontFamily": "'Montserrat',sans-serif",
          "offerday": "Until Black Friday Sale",
          "offerdescriptioncolor": "#000000",
          "offerdescriptiontextSize": 25,
          "offerdescriptionfontstyle": [
              "B"
          ],
          "cardcategoryImageUrlTextFontFamily": "'Montserrat',sans-serif",
          "timerday": "0",
          "timerhour": "0",
          "timermin": "0",
          "timersec": "0",
          "dbDate": "2023-03-18T15:27:06.515Z",
          "oldmillisec": "0"
      },
      "script": "themes/bundle/home-decor/decorator-theme/decorator-home.js",
      "selectorDetails": {
          "selector": "phase-ii-decorator-offer",
          "inputData": [
              {
                  "selectorInput": "Offers",
                  "handlerInput": "previewDetails.storePageSetup.savedPageContent"
              }
          ],
          "outputData": [
              {
                  "selectorOutput": "pageToNavigate",
                  "handlerFunction": "pageToNavigate"
              }
          ]
      },
      "sectionName": "Offers",
      "isExistingComponent": true,
      "sampleData": {},
      "isVisible": true
  },
  {
      "sectionId": 6,
      "details": {
          "alignment": "column",
          "descriptionImage": "themes/home-decor-theme/footer.jpg",
          "formBackgroundColor": "#ebe9e9",
          "headingText": "Simple & Decidedly Modern",
          "subText": "subtle whirlpool motif that mirrors the swirling nature of water",
          "buttonText": "Show More",
          "textSize": 28,
          "subTextSize": 12,
          "textColor": "#000000",
          "textFontFamily": "'Montserrat',sans-serif",
          "subtextFontFamily": "'Montserrat',sans-serif",
          "subTextColor": "#000000",
          "subtextFontStyle": [
              "B"
          ],
          "textFontStyle": [
              "B"
          ],
          "buttonLink": "products",
          "buttonColor": "#343643",
          "buttonTextColor": "#ffffff",
          "buttonBorderColor": "none",
          "buttonVisiblity": true,
          "buttonBorderRadius": 5,
          "buttonBorderLocation": "all",
          "textAlignment": "center"
      },
      "script": "themes/bundle/retail/zen-fashion/zenfashion-home.js",
      "selectorDetails": {
          "selector": "phase-ii-retail-shop-for",
          "inputData": [
              {
                  "selectorInput": "displayDetails",
                  "handlerInput": "previewDetails.storePageSetup.savedPageContent"
              }
          ],
          "outputData": []
      },
      "sectionName": "Shop for",
      "isExistingComponent": true,
      "sampleData": {},
      "isVisible": true
  },
  {
      "sectionId": 7,
      "details": {
          "menuArray": [
              {
                  "menuName": "FREE SHIPPING",
                  "menuIcon": "local_shipping",
                  "link": "aboutus",
                  "iconStyle": "material-icons-outlined",
                  "subText": ""
              },
              {
                  "menuName": "15 DAYS RETURN",
                  "menuIcon": "attach_money",
                  "link": "aboutus",
                  "iconStyle": "material-icons-outlined",
                  "subText": ""
              },
              {
                  "menuName": "SECURE CHECKOUT",
                  "menuIcon": "credit_card",
                  "link": "aboutus",
                  "iconStyle": "material-icons-outlined",
                  "subText": ""
              }
          ],
          "backgroundColor": "#ffffff",
          "textColor": "#2b2b2b",
          "alignment": "column",
          "iconStyle": "material-icons-outlined",
          "height": "100",
          "textFontFamily": "'Palatino Linotype',sans-serif",
          "iconSize": "xxx-large"
      },
      "script": "themes/bundle/retail/wedding-emporium/bar.js",
      "selectorDetails": {
          "selector": "phase-ii-bar",
          "inputData": [
              {
                  "selectorInput": "menuDetails",
                  "handlerInput": "previewDetails.storePageSetup.savedPageContent"
              }
          ],
          "outputData": [
              {
                  "selectorOutput": "pageToNavigate",
                  "handlerFunction": "pageToNavigate"
              }
          ]
      },
      "sectionName": "Menu Bar",
      "isExistingComponent": true,
      "isVisible": true
  },
  {
      "sectionId": 8,
      "details": {},
      "script": "themes/bundle/shared-theme/recently-viewed-products.js",
      "selectorDetails": {
          "selector": "phase-ii-recently-viewed-products",
          "inputData": [
              {
                  "selectorInput": "recentlyViewedProducts",
                  "handlerInput": "sampleData.recentlyViewedProducts",
                  "functionName": "getRecentlyViewedProducts"
              }
          ],
          "outputData": []
      },
      "sectionName": "Recently Viewed Products",
      "isExistingComponent": true,
      "sampleData": {
          "recentlyViewedProducts": [
              {
                  "product": {
                      "featuredImage": "themes/home-decor-theme/Coffee Mug.jpg",
                      "name": "Mug",
                      "price": "200"
                  }
              },
              {
                  "product": {
                      "featuredImage": "themes/home-decor-theme/Flower stand.jpg",
                      "name": "Flower stand",
                      "price": "300"
                  }
              },
              {
                  "product": {
                      "featuredImage": "themes/home-decor-theme/Pen Stand.jpg",
                      "name": "Pen Stand",
                      "price": "200"
                  }
              },
              {
                  "product": {
                      "featuredImage": "themes/home-decor-theme/Pots.jpg",
                      "name": "Pots",
                      "price": "400"
                  }
              }
          ]
      },
      "isVisible": true
  }
]