[
  {
      "id": 1,
      "sectionName": "Home banner",
      "isExistingComponent": true,
      "controls": [
          {
              "type": "Banner Layout",
              "name": "bannerDetails",
              "label": "Banner Details"
          }
      ]
  },
  {
      "id": 2,
      "sectionName": "Decorator image slider",
      "isExistingComponent": true,
      "controls": [
          {
              "groupName": "Image gallery Settings",
              "groupControls": [
                  {
                      "type": "Cafe Banner",
                      "name": "cafeDetails",
                      "label": "Slider image editor"
                  }
              ]
          }
      ]
  },
  {
      "id": 3,
      "sectionName": "Featured Products",
      "isExistingComponent": true,
      "controls": [
          {
              "type": "Common Slider Controls",
              "name": "templateSettings",
              "label": "Template Settings"
          }
      ]
  },
  {
      "id": 4,
      "sectionName": "Product Category",
      "isExistingComponent": true,
      "controls": [
          {
              "type": "Common Slider Controls",
              "name": "templateSettings",
              "label": "Template Settings"
          }
      ]
  },
  {
      "id": 5,
      "sectionName": "Offers",
      "isExistingComponent": true,
      "controls": [
          {
              "groupName": "Header Settings",
              "groupControls": [
                  {
                      "type": "Input",
                      "name": "title",
                      "label": "Heading text"
                  },
                  {
                      "type": "Color Picker",
                      "name": "color",
                      "label": "Font color"
                  },
                  {
                      "type": "Slider",
                      "name": "textSize",
                      "label": "Font size",
                      "options": [
                          10,
                          40
                      ]
                  },
                  {
                      "type": "Font Style",
                      "name": "fontstyle",
                      "label": "Heading style"
                  },
                  {
                      "type": "Dropdown",
                      "name": "textFontFamily",
                      "label": "Font family"
                  }
              ]
          },
          {
              "groupName": "Description Settings",
              "groupControls": [
                  {
                      "type": "Input",
                      "name": "offerdescription",
                      "label": "Description text",
                      "errors": [
                          {
                              "name": "required"
                          },
                          {
                              "name": "maxlength",
                              "length": 40
                          }
                      ]
                  },
                  {
                      "type": "Color Picker",
                      "name": "descriptioncolor",
                      "label": "Font color"
                  },
                  {
                      "type": "Slider",
                      "name": "descriptiontextSize",
                      "label": "Font size",
                      "options": [
                          10,
                          40
                      ]
                  },
                  {
                      "type": "Font Style",
                      "name": "descriptionfontstyle",
                      "label": "Heading style"
                  },
                  {
                      "type": "Dropdown",
                      "name": "descriptiontextFontFamily",
                      "label": "Font family"
                  }
              ]
          },
          {
              "groupName": "Header Settings",
              "groupControls": [
                  {
                      "type": "Input",
                      "name": "button",
                      "label": "Button text",
                      "errors": [
                          {
                              "name": "required"
                          },
                          {
                              "name": "maxlength",
                              "length": 20
                          }
                      ]
                  },
                  {
                      "type": "Color Picker",
                      "name": "buttoncolor",
                      "label": "Background color"
                  },
                  {
                      "type": "Color Picker",
                      "name": "buttontextcolor",
                      "label": "Font color"
                  },
                  {
                      "type": "Slider",
                      "name": "buttontextSize",
                      "label": "Font size",
                      "options": [
                          10,
                          40
                      ]
                  },
                  {
                      "type": "Font Style",
                      "name": "buttonfontstyle",
                      "label": "Heading style"
                  },
                  {
                      "type": "Dropdown",
                      "name": "buttontextFontFamily",
                      "label": "Font family"
                  },
                  {
                      "type": "Dropdown",
                      "name": "buttonLink",
                      "label": "Redirect to"
                  }
              ]
          },
          {
              "groupName": "Offers Settings",
              "groupControls": [
                  {
                      "type": "Slider Toggle",
                      "name": "leaveSpace",
                      "label": "Leave space above and below the content"
                  },
                  {
                      "type": "Input",
                      "name": "offerday",
                      "label": "  Offers text",
                      "errors": [
                          {
                              "name": "required"
                          },
                          {
                              "name": "maxlength",
                              "length": 50
                          }
                      ]
                  },
                  {
                      "type": "Color Picker",
                      "name": "offerdescriptioncolor",
                      "label": "Font color"
                  },
                  {
                      "type": "Slider",
                      "name": "offerdescriptiontextSize",
                      "label": "Font size",
                      "options": [
                          10,
                          40
                      ]
                  },
                  {
                      "type": "Font Style",
                      "name": "offerdescriptionfontstyle",
                      "label": "Heading style"
                  },
                  {
                      "type": "Dropdown",
                      "name": "cardImageTextFontFamily",
                      "label": "Font family"
                  }
              ]
          },
          {
              "groupName": "Discount Settings",
              "groupControls": [
                  {
                      "type": "Input",
                      "name": "discount",
                      "label": "Discount text",
                      "errors": [
                          {
                              "name": "required"
                          },
                          {
                              "name": "maxlength",
                              "length": 40
                          }
                      ]
                  },
                  {
                      "type": "Color Picker",
                      "name": "discountcolor",
                      "label": "Font color"
                  },
                  {
                      "type": "Slider",
                      "name": "discounttextSize",
                      "label": "Font size",
                      "options": [
                          10,
                          40
                      ]
                  },
                  {
                      "type": "Font Style",
                      "name": "discountfontstyle",
                      "label": "Heading style"
                  },
                  {
                      "type": "Dropdown",
                      "name": "discounttextFontFamily",
                      "label": "Font family"
                  }
              ]
          },
          {
              "groupName": "Offers Timing",
              "groupControls": [
                  {
                      "type": "Input",
                      "name": "timerday",
                      "label": "Days"
                  },
                  {
                      "type": "Input",
                      "name": "timerhour",
                      "label": "Hours"
                  },
                  {
                      "type": "Input",
                      "name": "timermin",
                      "label": "Minutes"
                  },
                  {
                      "name": "dbDate"
                  },
                  {
                      "name": "oldmillisec"
                  }
              ]
          }
      ]
  },
  {
      "id": 6,
      "sectionName": "Shop for",
      "isExistingComponent": true,
      "controls": [
          {
              "groupName": "Image Settings",
              "groupControls": [
                  {
                      "type": "Radio",
                      "name": "alignment",
                      "label": "Image alignment",
                      "options": [
                          {
                              "name": "Left",
                              "value": "row"
                          },
                          {
                              "name": "Right",
                              "value": "column"
                          }
                      ]
                  },
                  {
                      "type": "Image",
                      "name": "descriptionImage",
                      "label": "Description image"
                  }
              ]
          },
          {
              "groupName": "Color Settings",
              "groupControls": [
                  {
                      "type": "Color Picker",
                      "name": "formBackgroundColor",
                      "label": "Form background color"
                  }
              ]
          },
          {
              "groupName": "Text Settings",
              "groupControls": [
                  {
                      "type": "Radio",
                      "name": "textAlignment",
                      "label": "Text alignment",
                      "options": [
                          {
                              "name": "Left",
                              "value": "start"
                          },
                          {
                              "name": "Center",
                              "value": "center"
                          },
                          {
                              "name": "Right",
                              "value": "end"
                          }
                      ]
                  },
                  {
                      "type": "Input",
                      "name": "headingText",
                      "label": "Heading text",
                      "errors": [
                          {
                              "name": "required"
                          },
                          {
                              "name": "pattern",
                              "patternName": "emptySpace"
                          },
                          {
                              "name": "maxlength",
                              "length": 100
                          }
                      ]
                  },
                  {
                      "type": "Font Style",
                      "name": "textFontStyle",
                      "label": "Font style"
                  },
                  {
                      "type": "Dropdown",
                      "name": "textFontFamily",
                      "label": "Text font family"
                  },
                  {
                      "type": "Slider",
                      "name": "textSize",
                      "label": "Heading size",
                      "options": [
                          10,
                          80
                      ]
                  },
                  {
                      "type": "Color Picker",
                      "name": "textColor",
                      "label": "Heading text color"
                  },
                  {
                      "type": "Checkbox",
                      "name": "showSubText",
                      "label": "Show subtext"
                  },
                  {
                      "type": "Input",
                      "name": "subText",
                      "label": "Subtext",
                      "errors": [
                          {
                              "name": "required"
                          },
                          {
                              "name": "maxlength",
                              "length": 100
                          }
                      ]
                  },
                  {
                      "type": "Font Style",
                      "name": "subtextFontStyle",
                      "label": "Font style"
                  },
                  {
                      "type": "Dropdown",
                      "name": "subtextFontFamily",
                      "label": "Subtext font family"
                  },
                  {
                      "type": "Slider",
                      "name": "subTextSize",
                      "label": "Subtext size",
                      "options": [
                          10,
                          80
                      ]
                  },
                  {
                      "type": "Color Picker",
                      "name": "subTextColor",
                      "label": "Subtext color"
                  }
              ]
          },
          {
              "groupName": "Button Settings",
              "groupControls": [
                  {
                      "type": "Checkbox",
                      "name": "buttonVisiblity",
                      "label": "Show button"
                  },
                  {
                      "type": "Input",
                      "name": "buttonText",
                      "label": "Button text",
                      "errors": [
                          {
                              "name": "required"
                          },
                          {
                              "name": "maxlength",
                              "length": 20
                          }
                      ]
                  },
                  {
                      "type": "Dropdown",
                      "name": "buttonLink",
                      "label": "Redirect to",
                      "errors": [
                          {
                              "name": "required"
                          },
                          {
                              "name": "maxlength",
                              "length": 100
                          }
                      ]
                  },
                  {
                      "type": "Color Picker",
                      "name": "buttonColor",
                      "label": "Button color"
                  },
                  {
                      "type": "Color Picker",
                      "name": "buttonTextColor",
                      "label": "Button text color"
                  },
                  {
                      "type": "Color Picker",
                      "name": "buttonBorderColor",
                      "label": "Button border color"
                  },
                  {
                      "type": "Slider",
                      "name": "buttonBorderRadius",
                      "label": "Button border radius",
                      "options": [
                          0,
                          25
                      ]
                  },
                  {
                      "type": "Dropdown",
                      "name": "buttonBorderLocation",
                      "label": "Button border location",
                      "options": [
                          {
                              "name": "All",
                              "value": "all"
                          },
                          {
                              "name": "Top",
                              "value": "top"
                          },
                          {
                              "name": "Left",
                              "value": "left"
                          },
                          {
                              "name": "Right",
                              "value": "right"
                          },
                          {
                              "name": "Bottom",
                              "value": "bottom"
                          }
                      ]
                  }
              ]
          }
      ]
  },
  {
      "id": 7,
      "sectionName": "Menu Bar",
      "isExistingComponent": true,
      "controls": [
          {
              "groupName": "Bar settings",
              "groupControls": [
                  {
                      "type": "Dropdown",
                      "name": "alignment",
                      "label": "Choose alignment",
                      "options": [
                          {
                              "name": "Horizontal",
                              "value": "row"
                          },
                          {
                              "name": "Vertical",
                              "value": "column"
                          }
                      ]
                  },
                  {
                      "type": "Dropdown",
                      "name": "iconSize",
                      "label": "Choose icon size",
                      "options": [
                          {
                              "name": "Small",
                              "value": "large"
                          },
                          {
                              "name": "Normal",
                              "value": "x-large"
                          },
                          {
                              "name": "Large",
                              "value": "xx-large"
                          },
                          {
                              "name": "Extra large",
                              "value": "xxx-large"
                          }
                      ]
                  },
                  {
                      "type": "Checkbox",
                      "name": "border",
                      "label": "Check the box for border"
                  },
                  {
                      "type": "Slider",
                      "name": "height",
                      "label": "Bar height",
                      "options": [
                          10,
                          100
                      ]
                  },
                  {
                      "type": "Dropdown",
                      "name": "textFontFamily",
                      "label": "Choose font family"
                  }
              ]
          },
          {
              "groupName": "Bar Colour settings",
              "groupControls": [
                  {
                      "type": "Color Picker",
                      "name": "backgroundColor",
                      "label": "Choose background color"
                  },
                  {
                      "type": "Color Picker",
                      "name": "textColor",
                      "label": "Choose text color"
                  }
              ]
          },
          {
              "groupName": "Bar component settings",
              "groupControls": [
                  {
                      "type": "Bar",
                      "name": "menuArray",
                      "label": "Bar editor"
                  }
              ]
          }
      ]
  },
  {
      "id": 8,
      "sectionName": "Recently Viewed Products",
      "isExistingComponent": true,
      "controls": []
  }
]