[
  {
      "sectionId": 1,
      "isVisible": true,
      "isExistingComponent": true,
      "details": {
          "galleryImages": [
              {
                  "imageUrl": "themes/childrentheme/TigerToy.jpg"
              },
              {
                  "imageUrl": "themes/childrentheme/BirthdayToy.jpg"
              },
              {
                  "imageUrl": "themes/childrentheme/SoftToy.jpg"
              }
          ],
          "color": "#d0eded",
          "subcolor": "#FFFFFF"
      },
      "selectorDetails": {
          "selector": "children-contact-us",
          "inputData": [
              {
                  "selectorInput": "contactUsBanner",
                  "handlerInput": "previewDetails.storePageSetup.savedPageContent"
              }
          ],
          "outputData": []
      },
      "script":"themes/bundle/children/children-contact-us.js"
  },
  {
      "sectionId": 2,
      "details": {
          "formSetting": {
              "formOnly": false,
              "textAlingment": "center",
              "showTitle": true,
              "formTitle": "Please get in touch",
              "titleColor": "#000",
              "titleFontSize": 35,
              "titleFontFamily": "Palatino Linotype",
              "titleFontStyle": [
                  "B"
              ],
              "showSubtitle": true,
              "formSubtitle": "We'd love to hear from you",
              "subtitleColor": "#000",
              "subtitleFontSize": 20,
              "subtitleFontFamily": "Palatino Linotype",
              "subtitleFontStyle": [],
              "textOutside": false,
              "backgroundColor": "#ff7c64",
              "backgroundType": "none",
              "contactusImage": "/themes/img.jpg",
              "imageFill": false,
              "contactusalignment": "center",
              "formFieldAppearence": "outline",
              "inputTextColor": "light",
              "normalLabelColor": "#000",
              "normalLineColor": "#000",
              "focusedLabelColor": "#065677",
              "focusedLineColor": "#065677",
              "formFieldDesign": "rounded",
              "formCard": false,
              "formBackground": false,
              "formFieldLabelOut": false,
              "formFieldFill": false,
              "formFieldColor": "rgba(0, 0, 0, 0.25)",
              "nameSplit": false,
              "emailField": true,
              "contactNoField": true,
              "buttonText": "Send",
              "buttonBorderColor": "#000",
              "buttonTextColor": "#fff",
              "buttonColor": "#87ceeb",
              "buttonRadius": 20,
              "buttonType": "flat",
              "buttonAlignment": "start",
              "templateName": "templateOne",
              "termsAndPrivacy": false
          }
      },
      "selectorDetails": {
          "selector": "common-form",
          "inputData": [
              {
                  "selectorInput": "contactFields",
                  "handlerInput": "previewDetails.storePageSetup.savedPageContent"
              }
          ],
          "outputData": []
      },
      "sectionName": "Contactus form",
      "isExistingComponent": true,
      "sampleData": null,
      "script": "themes/bundle/shared/common-form.js"
  },
  {
      "sectionId": 3,
      "isVisible": true,
      "isExistingComponent": true,
      "details": {
          "cafeDetails": [
              {
                  "imageUrl": "themes/childrentheme/SmileyToy.jpg"
              },
              {
                  "imageUrl": "themes/childrentheme/PlasticToy.jpg"
              },
              {
                  "imageUrl": "themes/childrentheme/RabbitToy.jpg"
              },
              {
                  "imageUrl": "themes/childrentheme/FlightToy.jpg"
              },
              {
                  "imageUrl": "themes/childrentheme/ChainToy.jpg"
              },
              {
                  "imageUrl": "themes/childrentheme/MonkeyToy.jpg"
              }
          ],
          "title": "We're On Instagram!",
          "color": "#000000",
          "textSize": "25",
          "textalign": "center",
          "fontstyle": [
              "B"
          ],
          "textFontFamily": "'Montserrat',sans-serif",
          "button": "See More Photos",
          "buttontextcolor": "#FFFFFF",
          "backgroundColor": "#87ceeb",
          "buttonalign": "center",
          "buttonfontstyle": [
              ""
          ],
          "buttonLink": "aboutus",
          "buttontextFontFamily": "'Montserrat',sans-serif"
      },
      "selectorDetails": {
          "selector": "children-media",
          "inputData": [
              {
                  "selectorInput": "contactUsMedia",
                  "handlerInput": "previewDetails.storePageSetup.savedPageContent"
              }
          ],
          "outputData": [
              {
                  "selectorOutput": "pageToNavigate",
                  "handlerFunction": "pageToNavigate"
              }
          ]
      },
      "script":"themes/bundle/children/children-media.js"
  }
]