[
  {
      "id": 1,
      "sectionName": "Contact-Us",
      "isExistingComponent": true,
      "controls": [
          {
              "groupName": "Image Settings",
              "groupControls": [
                  {
                      "type": "ArrayOfObjects",
                      "name": "galleryImages",
                      "label": "Image"
                  }
              ]
          },
          {
              "groupName": "Header Settings",
              "groupControls": [
                  {
                      "type": "Color Picker",
                      "name": "color",
                      "label": "Background Color 1"
                  },
                  {
                      "type": "Color Picker",
                      "name": "subcolor",
                      "label": "Background color 2"
                  }
              ]
          }
      ]
  },
  {
      "id": 2,
      "sectionName": "Contactus form",
      "isExistingComponent": true,
      "controls": [
          {
              "groupName": "Contact-us Form Settings",
              "groupControls": [
                  {
                      "type": "Contact Form",
                      "name": "formSetting",
                      "label": "Form Settings"
                  }
              ]
          }
      ]
  },
  {
      "id": 3,
      "sectionName": "Contact-Us-Media",
      "isExistingComponent": true,
      "controls": [
          {
              "groupName": "Header Settings",
              "groupControls": [
                  {
                      "type": "Input",
                      "name": "title",
                      "label": "Heading text",
                      "errors": [
                          {
                              "name": "required"
                          },
                          {
                              "name": "maxlength",
                              "length": 40
                          }
                      ]
                  },
                  {
                      "type": "Color Picker",
                      "name": "color",
                      "label": "Font color"
                  },
                  {
                      "type": "Slider",
                      "name": "textSize",
                      "label": "Font size",
                      "options": [
                          10,
                          40
                      ]
                  },
                  {
                      "type": "Radio",
                      "name": "textalign",
                      "label": "Section heading alignment",
                      "options": [
                          {
                              "name": "Left",
                              "value": "left"
                          },
                          {
                              "name": "Center",
                              "value": "center"
                          },
                          {
                              "name": "Right",
                              "value": "right"
                          }
                      ]
                  },
                  {
                      "type": "Font Style",
                      "name": "fontstyle",
                      "label": "Heading style"
                  },
                  {
                      "type": "Dropdown",
                      "name": "textFontFamily",
                      "label": "Font family"
                  }
              ]
          },
          {
              "groupName": "Image gallery Settings",
              "groupControls": [
                  {
                      "type": "Cafe Banner",
                      "name": "cafeDetails",
                      "label": "Image editor"
                  }
              ]
          },
          {
              "groupName": "Button Settings",
              "groupControls": [
                  {
                      "type": "Input",
                      "name": "button",
                      "label": "Button text",
                      "errors": [
                          {
                              "name": "required"
                          },
                          {
                              "name": "maxlength",
                              "length": 20
                          }
                      ]
                  },
                  {
                      "type": "Color Picker",
                      "name": "buttontextcolor",
                      "label": "Text color"
                  },
                  {
                      "type": "Color Picker",
                      "name": "backgroundColor",
                      "label": "Background color"
                  },
                  {
                      "type": "Font Style",
                      "name": "buttonfontstyle",
                      "label": "Heading style"
                  },
                  {
                      "type": "Radio",
                      "name": "buttonalign",
                      "label": "Section heading alignment",
                      "options": [
                          {
                              "name": "Left",
                              "value": "start"
                          },
                          {
                              "name": "Center",
                              "value": "center"
                          },
                          {
                              "name": "Right",
                              "value": "end"
                          }
                      ]
                  },
                  {
                      "type": "Dropdown",
                      "name": "buttontextFontFamily",
                      "label": "Font family"
                  },
                  {
                      "type": "Dropdown",
                      "name": "buttonLink",
                      "label": "Redirect to"
                  }
              ]
          }
      ]
  }
]