[
    {
        "sectionId": 1,
        "isExistingComponent": true,
        "details": {
            "isTransparent": false,
            "color": "#ffffff",
            "navbarColor": "#d4651e",
            "navbarCategory": "withCategory",
            "backgroundColor": "#ffffff",
            "textColor": "#000000",
            "hoverBackgroundColor": "#f5f5f5",
            "hoverTextColor": "#d4651e",
            "cartIconColor": "#777777",
            "cartBadgeColor": "#d4651e",
            "iconColor": "#d4651e",
            "showAttentionBanner": false,
            "attentionBannerText": "This is an attention banner",
            "attentionBannerBackgroundColor": "#F8F35F",
            "attentionBannerTextColor": "#F25656"
        }
    },
    {
        "sectionId": 2,
        "sectionName": "Color",
        "details": {
            "primary-color": "#d4651e",
            "secondary-color": "#4A4A49",
            "light-color": "white",
            "dark-color": "black",
            "grey-color": "#818181"
        },
        "sampleData": null
    },
    {
        "sectionId": 3,
        "sectionName": "Loader",
        "details": {
            "loaderImage": "themes/loader-gifs/default1.gif",
            "loaderText": "Loading",
            "textColor": "black",
            "textFontSize": "15px",
            "textFontFamily": "Montserrat",
            "textStyle": [
                "B"
            ],
            "backgroundColor": "#ffffff",
            "loaderArray": [
                {
                    "industry": "Default",
                    "gifs": [
                        {
                            "imageUrl": "themes/loader-gifs/default1.gif"
                        }
                    ]
                },
                {
                    "industry": "Bakery",
                    "gifs": [
                        {
                            "imageUrl": "themes/loader-gifs/Bakery/bakery 1.gif"
                        },
                        {
                            "imageUrl": "themes/loader-gifs/Bakery/bakery 2.gif"
                        },
                        {
                            "imageUrl": "themes/loader-gifs/Bakery/bakery.gif"
                        },
                        {
                            "imageUrl": "themes/loader-gifs/Bakery/chocolate.gif"
                        },
                        {
                            "imageUrl": "themes/loader-gifs/Bakery/pastry.gif"
                        },
                        {
                            "imageUrl": "themes/loader-gifs/Bakery/ice cream-1.1s-200px.gif"
                        },
                        {
                            "imageUrl": "themes/loader-gifs/Bakery/ice cream-1.1s-200px (1).gif"
                        },
                        {
                            "imageUrl": "themes/loader-gifs/Bakery/ice cream-1.1s-200px (2).gif"
                        },
                        {
                            "imageUrl": "themes/loader-gifs/Bakery/donut-1.1s-200px.gif"
                        },
                        {
                            "imageUrl": "themes/loader-gifs/Bakery/cake-1.1s-200px.gif"
                        },
                        {
                            "imageUrl": "themes/loader-gifs/Bakery/cake-1.1s-200px (1).gif"
                        },
                        {
                            "imageUrl": "themes/loader-gifs/Bakery/wedding-1.1s-200px.gif"
                        }
                    ]
                },
                {
                    "industry": "Beverages",
                    "gifs": [
                        {
                            "imageUrl": "themes/loader-gifs/Beverages/beverage.gif"
                        },
                        {
                            "imageUrl": "themes/loader-gifs/Beverages/beverage 2.gif"
                        }
                    ]
                },
                {
                    "industry": "Book",
                    "gifs": [
                        {
                            "imageUrl": "themes/loader-gifs/Book/book-1.1s-200px.gif"
                        },
                        {
                            "imageUrl": "themes/loader-gifs/Book/book-1.1s-200px (1).gif"
                        },
                        {
                            "imageUrl": "themes/loader-gifs/Book/book-1.1s-200px (2).gif"
                        },
                        {
                            "imageUrl": "themes/loader-gifs/Book/book-1.1s-200px (3).gif"
                        },
                        {
                            "imageUrl": "themes/loader-gifs/Book/book-1.1s-200px (4).gif"
                        },
                        {
                            "imageUrl": "themes/loader-gifs/Book/edit-1.1s-200px.gif"
                        },
                        {
                            "imageUrl": "themes/loader-gifs/Book/encyclopedia-1.1s-200px.gif"
                        }
                    ]
                },
                {
                    "industry": "Coffee",
                    "gifs": [
                        {
                            "imageUrl": "themes/loader-gifs/Coffee/coffee 1.gif"
                        },
                        {
                            "imageUrl": "themes/loader-gifs/Coffee/coffee 2.gif"
                        },
                        {
                            "imageUrl": "themes/loader-gifs/Coffee/coffee 3.gif"
                        },
                        {
                            "imageUrl": "themes/loader-gifs/Coffee/coffee 4.gif"
                        },
                        {
                            "imageUrl": "themes/loader-gifs/Coffee/Coffee 1/coffee-1.1s-200px.gif"
                        },
                        {
                            "imageUrl": "themes/loader-gifs/Coffee/Coffee 1/coffee-1.1s-200px-2.gif"
                        },
                        {
                            "imageUrl": "themes/loader-gifs/Coffee/Coffee 1/coffee-1.1s-200px-3.gif"
                        },
                        {
                            "imageUrl": "themes/loader-gifs/Coffee/Coffee 1/coffee-1.1s-200px-4.gif"
                        },
                        {
                            "imageUrl": "themes/loader-gifs/Coffee/Coffee 1/coffee-1.1s-200px-5.gif"
                        },
                        {
                            "imageUrl": "themes/loader-gifs/Coffee/coffee 2/cup-1.1s-200px.gif"
                        },
                        {
                            "imageUrl": "themes/loader-gifs/Coffee/coffee 2/cup-1.1s-200px-2.gif"
                        },
                        {
                            "imageUrl": "themes/loader-gifs/Coffee/coffee 2/cup-1.1s-200px-3.gif"
                        },
                        {
                            "imageUrl": "themes/loader-gifs/Coffee/coffee 2/cup-1.1s-200px-4.gif"
                        },
                        {
                            "imageUrl": "themes/loader-gifs/Coffee/coffee 2/cup-1.1s-200px-5.gif"
                        },
                        {
                            "imageUrl": "themes/loader-gifs/Coffee/coffee 2/cup-1.1s-200px-6.gif"
                        },
                        {
                            "imageUrl": "themes/loader-gifs/Coffee/coffee 2/cup-1.1s-200px-7.gif"
                        },
                        {
                            "imageUrl": "themes/loader-gifs/Coffee/coffee 2/cup-1.1s-200px-8.gif"
                        },
                        {
                            "imageUrl": "themes/loader-gifs/Coffee/coffee 3/teapot-1.1s-200px.gif"
                        },
                        {
                            "imageUrl": "themes/loader-gifs/Coffee/coffee 3/teapot-1.1s-200px-2.gif"
                        },
                        {
                            "imageUrl": "themes/loader-gifs/Coffee/coffee 3/teapot-1.1s-200px-3.gif"
                        },
                        {
                            "imageUrl": "themes/loader-gifs/Coffee/coffee 3/teapot-1.1s-200px-4.gif"
                        },
                        {
                            "imageUrl": "themes/loader-gifs/Coffee/coffee 3/teapot-1.1s-200px-5.gif"
                        },
                        {
                            "imageUrl": "themes/loader-gifs/Coffee/coffee 3/teapot-1.1s-200px-6.gif"
                        },
                        {
                            "imageUrl": "themes/loader-gifs/Coffee/coffee 4/coffee-1.1s-200px.gif"
                        }
                    ]
                },
                {
                    "industry": "Electronics",
                    "gifs": [
                        {
                            "imageUrl": "themes/loader-gifs/electronics/electronics.gif"
                        },
                        {
                            "imageUrl": "themes/loader-gifs/electronics/electronics 2.gif"
                        },
                        {
                            "imageUrl": "themes/loader-gifs/electronics/headset-1.1s-200px.gif"
                        },
                        {
                            "imageUrl": "themes/loader-gifs/electronics/headset-1.1s-200px-2.gif"
                        },
                        {
                            "imageUrl": "themes/loader-gifs/electronics/headset-1.1s-200px-3.gif"
                        },
                        {
                            "imageUrl": "themes/loader-gifs/electronics/headset-1.1s-200px-4.gif"
                        },
                        {
                            "imageUrl": "themes/loader-gifs/electronics/headset-1.1s-200px-5.gif"
                        },
                        {
                            "imageUrl": "themes/loader-gifs/electronics/notebook-1.1s-200px.gif"
                        },
                        {
                            "imageUrl": "themes/loader-gifs/electronics/notebook-1.1s-200px-2.gif"
                        },
                        {
                            "imageUrl": "themes/loader-gifs/electronics/notebook-1.1s-200px-3.gif"
                        },
                        {
                            "imageUrl": "themes/loader-gifs/electronics/phone-1.1s-200px.gif"
                        },
                        {
                            "imageUrl": "themes/loader-gifs/electronics/phone-1.1s-200px-2.gif"
                        },
                        {
                            "imageUrl": "themes/loader-gifs/electronics/phone-1.1s-200px-3.gif"
                        },
                        {
                            "imageUrl": "themes/loader-gifs/electronics/phone-1.1s-200px-4.gif"
                        },
                        {
                            "imageUrl": "themes/loader-gifs/electronics/television-1.1s-200px.gif"
                        },
                        {
                            "imageUrl": "themes/loader-gifs/electronics/television-1.1s-200px-2.gif"
                        },
                        {
                            "imageUrl": "themes/loader-gifs/electronics/television-1.1s-200px-3.gif"
                        },
                        {
                            "imageUrl": "themes/loader-gifs/electronics/television-1.1s-200px-4.gif"
                        }
                    ]
                },
                {
                    "industry": "Flower",
                    "gifs": [
                        {
                            "imageUrl": "themes/loader-gifs/Flower/flower-1.1s-200px.gif"
                        },
                        {
                            "imageUrl": "themes/loader-gifs/Flower/flower-1.1s-200px (1).gif"
                        },
                        {
                            "imageUrl": "themes/loader-gifs/Flower/sakura-1.1s-200px.gif"
                        },
                        {
                            "imageUrl": "themes/loader-gifs/Flower/sakura-1.1s-200px (1).gif"
                        },
                        {
                            "imageUrl": "themes/loader-gifs/Flower/sakura-1.1s-200px (2).gif"
                        },
                        {
                            "imageUrl": "themes/loader-gifs/Flower/sakura-1.1s-200px (3).gif"
                        },
                        {
                            "imageUrl": "themes/loader-gifs/Flower/sakura-1.1s-200px (4).gif"
                        },
                        {
                            "imageUrl": "themes/loader-gifs/Flower/wedding-1.1s-200px.gif"
                        },
                        {
                            "imageUrl": "themes/loader-gifs/Flower/wedding-1.1s-200px (1).gif"
                        }
                    ]
                },
                {
                    "industry": "Furniture",
                    "gifs": [
                        {
                            "imageUrl": "themes/loader-gifs/Furniture/armchair-1.1s-200px.gif"
                        },
                        {
                            "imageUrl": "themes/loader-gifs/Furniture/couch-1.1s-200px.gif"
                        },
                        {
                            "imageUrl": "themes/loader-gifs/Furniture/couch-1.1s-200px (1).gif"
                        },
                        {
                            "imageUrl": "themes/loader-gifs/Furniture/lounge-1.1s-200px.gif"
                        }
                    ]
                },
                {
                    "industry": "Grocery",
                    "gifs": [
                        {
                            "imageUrl": "themes/loader-gifs/grocery/grocery.gif"
                        },
                        {
                            "imageUrl": "themes/loader-gifs/grocery/grocery 2.gif"
                        },
                        {
                            "imageUrl": "themes/loader-gifs/grocery/grocery 3.gif"
                        },
                        {
                            "imageUrl": "themes/loader-gifs/grocery/carrot-1.1s-200px.gif"
                        },
                        {
                            "imageUrl": "themes/loader-gifs/grocery/watermelon-1.1s-200px.gif"
                        }
                    ]
                },
                {
                    "industry": "Music",
                    "gifs": [
                        {
                            "imageUrl": "themes/loader-gifs/Music/band-1.1s-200px.gif"
                        },
                        {
                            "imageUrl": "themes/loader-gifs/Music/band-1.1s-200px (1).gif"
                        },
                        {
                            "imageUrl": "themes/loader-gifs/Music/music note-1.1s-200px.gif"
                        },
                        {
                            "imageUrl": "themes/loader-gifs/Music/music note-1.1s-200px (1).gif"
                        },
                        {
                            "imageUrl": "themes/loader-gifs/Music/music note-1.1s-200px (2).gif"
                        },
                        {
                            "imageUrl": "themes/loader-gifs/Music/toy-1.1s-200px.gif"
                        }
                    ]
                },
                {
                    "industry": "Painting",
                    "gifs": [
                        {
                            "imageUrl": "themes/loader-gifs/painting/painting.gif"
                        },
                        {
                            "imageUrl": "themes/loader-gifs/painting/illustrator-1.1s-200px.gif"
                        },
                        {
                            "imageUrl": "themes/loader-gifs/painting/illustrator-1.1s-200px-2.gif"
                        },
                        {
                            "imageUrl": "themes/loader-gifs/painting/illustrator-1.1s-200px-3.gif"
                        },
                        {
                            "imageUrl": "themes/loader-gifs/painting/illustrator-1.1s-200px-4.gif"
                        },
                        {
                            "imageUrl": "themes/loader-gifs/painting/illustrator-1.1s-200px-5.gif"
                        },
                        {
                            "imageUrl": "themes/loader-gifs/painting/illustrator-1.1s-200px-6.gif"
                        },
                        {
                            "imageUrl": "themes/loader-gifs/painting/illustrator-1.1s-200px-7.gif"
                        }
                    ]
                },
                {
                    "industry": "Restaurant",
                    "gifs": [
                        {
                            "imageUrl": "themes/loader-gifs/restaurant/restaurant.gif"
                        },
                        {
                            "imageUrl": "themes/loader-gifs/restaurant/restaurant 2.gif"
                        },
                        {
                            "imageUrl": "themes/loader-gifs/restaurant/restaurant 3.gif"
                        },
                        {
                            "imageUrl": "themes/loader-gifs/restaurant/restaurant 4.gif"
                        },
                        {
                            "imageUrl": "themes/loader-gifs/restaurant/restaurant 6.gif"
                        },
                        {
                            "imageUrl": "themes/loader-gifs/restaurant/restaurant 7.gif"
                        },
                        {
                            "imageUrl": "themes/loader-gifs/restaurant/restaurant 8.gif"
                        },
                        {
                            "imageUrl": "themes/loader-gifs/restaurant/restaurant 9.gif"
                        },
                        {
                            "imageUrl": "themes/loader-gifs/restaurant/christmas dinner-1.1s-200px.gif"
                        },
                        {
                            "imageUrl": "themes/loader-gifs/restaurant/christmas dinner-1.1s-200px-2.gif"
                        },
                        {
                            "imageUrl": "themes/loader-gifs/restaurant/christmas dinner-1.1s-200px-3.gif"
                        },
                        {
                            "imageUrl": "themes/loader-gifs/restaurant/christmas dinner-1.1s-200px-4.gif"
                        },
                        {
                            "imageUrl": "themes/loader-gifs/restaurant/food-1.1s-200px.gif"
                        },
                        {
                            "imageUrl": "themes/loader-gifs/restaurant/ham-1.1s-200px.gif"
                        },
                        {
                            "imageUrl": "themes/loader-gifs/restaurant/kitchenware-1.1s-200px.gif"
                        },
                        {
                            "imageUrl": "themes/loader-gifs/restaurant/pizza-1.1s-200px.gif"
                        },
                        {
                            "imageUrl": "themes/loader-gifs/restaurant/pizza-1.1s-200px-2.gif"
                        }
                    ]
                },
                {
                    "industry": "Retail",
                    "gifs": [
                        {
                            "imageUrl": "themes/loader-gifs/Retail/child.gif"
                        },
                        {
                            "imageUrl": "themes/loader-gifs/Retail/children 3.gif"
                        },
                        {
                            "imageUrl": "themes/loader-gifs/Retail/children.gif"
                        },
                        {
                            "imageUrl": "themes/loader-gifs/Retail/default.gif"
                        },
                        {
                            "imageUrl": "themes/loader-gifs/Retail/footwear 1.gif"
                        },
                        {
                            "imageUrl": "themes/loader-gifs/Retail/footwear 2.gif"
                        },
                        {
                            "imageUrl": "themes/loader-gifs/Retail/home decor 1.gif"
                        },
                        {
                            "imageUrl": "themes/loader-gifs/Retail/home decor 3.gif"
                        },
                        {
                            "imageUrl": "themes/loader-gifs/Retail/home decor 4.gif"
                        },
                        {
                            "imageUrl": "themes/loader-gifs/Retail/home decor 5.gif"
                        },
                        {
                            "imageUrl": "themes/loader-gifs/Retail/home decor.gif"
                        },
                        {
                            "imageUrl": "themes/loader-gifs/Retail/man 1.gif"
                        },
                        {
                            "imageUrl": "themes/loader-gifs/Retail/women 2.gif"
                        },
                        {
                            "imageUrl": "themes/loader-gifs/Retail/dress-1.1s-200px.gif"
                        },
                        {
                            "imageUrl": "themes/loader-gifs/Retail/dress-1.1s-200px (1).gif"
                        },
                        {
                            "imageUrl": "themes/loader-gifs/Retail/dress-1.1s-200px (2).gif"
                        },
                        {
                            "imageUrl": "themes/loader-gifs/Retail/dress-1.1s-200px (3).gif"
                        },
                        {
                            "imageUrl": "themes/loader-gifs/Retail/dress-1.1s-200px (4).gif"
                        },
                        {
                            "imageUrl": "themes/loader-gifs/Retail/balloon-1.1s-200px.gif"
                        },
                        {
                            "imageUrl": "themes/loader-gifs/Retail/balloon-1.1s-200px (1).gif"
                        },
                        {
                            "imageUrl": "themes/loader-gifs/Retail/balloon-1.1s-200px (2).gif"
                        },
                        {
                            "imageUrl": "themes/loader-gifs/Retail/fidget spinner-1.1s-200px.gif"
                        },
                        {
                            "imageUrl": "themes/loader-gifs/Retail/fidget spinner-1.1s-200px (1).gif"
                        },
                        {
                            "imageUrl": "themes/loader-gifs/Retail/fidget spinner-1.1s-200px (2).gif"
                        },
                        {
                            "imageUrl": "themes/loader-gifs/Retail/toy-1.1s-200px.gif"
                        },
                        {
                            "imageUrl": "themes/loader-gifs/Retail/toy-1.1s-200px (1).gif"
                        },
                        {
                            "imageUrl": "themes/loader-gifs/Retail/toy-1.1s-200px (2).gif"
                        },
                        {
                            "imageUrl": "themes/loader-gifs/Retail/toy-1.1s-200px (3).gif"
                        },
                        {
                            "imageUrl": "themes/loader-gifs/Retail/toy-1.1s-200px (4).gif"
                        },
                        {
                            "imageUrl": "themes/loader-gifs/Retail/toy-1.1s-200px (5).gif"
                        },
                        {
                            "imageUrl": "themes/loader-gifs/Retail/wedding-1.1s-200px.gif"
                        },
                        {
                            "imageUrl": "themes/loader-gifs/Retail/wedding-1.1s-200px (1).gif"
                        },
                        {
                            "imageUrl": "themes/loader-gifs/Retail/wedding-1.1s-200px (2).gif"
                        },
                        {
                            "imageUrl": "themes/loader-gifs/Retail/wedding-1.1s-200px (3).gif"
                        },
                        {
                            "imageUrl": "themes/loader-gifs/Retail/wedding-1.1s-200px (4).gif"
                        },
                        {
                            "imageUrl": "themes/loader-gifs/Retail/trojan horse-1.1s-200px.gif"
                        },
                        {
                            "imageUrl": "themes/loader-gifs/Retail/long sleeve-1.1s-200px.gif"
                        },
                        {
                            "imageUrl": "themes/loader-gifs/Retail/long sleeve-1.1s-200px (1).gif"
                        },
                        {
                            "imageUrl": "themes/loader-gifs/Retail/long sleeve-1.1s-200px (2).gif"
                        },
                        {
                            "imageUrl": "themes/loader-gifs/Retail/long sleeve-1.1s-200px (3).gif"
                        },
                        {
                            "imageUrl": "themes/loader-gifs/Retail/long sleeve-1.1s-200px (4).gif"
                        }
                    ]
                }
            ]
        },
        "sampleData": null
    }
]