[
  {
      "id": 1,
      "sectionName": "banner",
      "isExistingComponent": true,
      "controls": [
          {
              "groupName": "Section 1 Banner Settings",
              "groupControls": [
                  {
                      "type": "Image",
                      "name": "image",
                      "label": "Banner image"
                  },
                  {
                      "type": "Input",
                      "name": "title",
                      "label": "Heading",
                      "errors": [
                          {
                              "name": "maxlength",
                              "length": 50
                          }
                      ]
                  },
                  {
                      "type": "Color Picker",
                      "name": "color",
                      "label": "Heading font color"
                  },
                  {
                      "type": "Slider",
                      "name": "textSize",
                      "label": "Heading font size",
                      "options": [
                          10,
                          34
                      ]
                  },
                  {
                      "type": "Font Style",
                      "name": "fontstyle",
                      "label": "Heading font style"
                  },
                  {
                      "type": "Dropdown",
                      "name": "textFontFamily",
                      "label": "Heading font family"
                  },
                  {
                      "type": "Input",
                      "name": "textone",
                      "label": "Subtext",
                      "errors": [
                          {
                              "name": "required"
                          },
                          {
                              "name": "maxlength",
                              "length": 100
                          }
                      ]
                  },
                  {
                      "type": "Color Picker",
                      "name": "textonecolor",
                      "label": "Subtext font color"
                  },
                  {
                      "type": "Font Style",
                      "name": "textonefontstyle",
                      "label": "Subtext font style"
                  },
                  {
                      "type": "Dropdown",
                      "name": "textOneFontFamily",
                      "label": "Subtext font family"
                  }
              ]
          },
          {
              "groupName": "Button Settings",
              "groupControls": [
                  {
                      "type": "Input",
                      "name": "button",
                      "label": "Button text",
                      "errors": [
                          {
                              "name": "required"
                          },
                          {
                              "name": "maxlength",
                              "length": 20
                          }
                      ]
                  },
                  {
                      "type": "Dropdown",
                      "name": "buttonLink",
                      "label": "Redirect to",
                      "errors": [
                          {
                              "name": "required"
                          }
                      ]
                  },
                  {
                      "type": "Color Picker",
                      "name": "buttontextcolor",
                      "label": "Button font color"
                  },
                  {
                      "type": "Font Style",
                      "name": "buttonfontstyle",
                      "label": "Button Font Style"
                  },
                  {
                      "type": "Dropdown",
                      "name": "buttontextFontFamily",
                      "label": "Button font family"
                  },
                  {
                      "type": "Radio",
                      "name": "buttonType",
                      "label": "Button type",
                      "options": [
                          {
                              "name": "Fill",
                              "value": "fill"
                          },
                          {
                              "name": "Stroked",
                              "value": "stroked"
                          }
                      ]
                  },
                  {
                      "type": "Color Picker",
                      "name": "buttonBackgroundColor",
                      "label": "Background / Border color"
                  }
              ]
          },
          {
              "groupName": "Section 2 Banner Settings",
              "groupControls": [
                  {
                      "type": "Image",
                      "name": "imagetwo",
                      "label": "Banner image"
                  },
                  {
                      "type": "Input",
                      "name": "texttwo",
                      "label": "Text one",
                      "errors": [
                          {
                              "name": "required"
                          },
                          {
                              "name": "maxlength",
                              "length": 50
                          }
                      ]
                  },
                  {
                      "type": "Color Picker",
                      "name": "texttwocolor",
                      "label": "Text one font color"
                  },
                  {
                      "type": "Font Style",
                      "name": "texttwofontstyle",
                      "label": "Text one font style"
                  },
                  {
                      "type": "Dropdown",
                      "name": "textTwoFontFamily",
                      "label": "Text one font family"
                  },
                  {
                      "type": "Input",
                      "name": "textthree",
                      "label": "Text two",
                      "errors": [
                          {
                              "name": "required"
                          },
                          {
                              "name": "maxlength",
                              "length": 50
                          }
                      ]
                  },
                  {
                      "type": "Color Picker",
                      "name": "textthreecolor",
                      "label": "Text two font color"
                  },
                  {
                      "type": "Font Style",
                      "name": "textthreefontstyle",
                      "label": "Text two font style"
                  },
                  {
                      "type": "Dropdown",
                      "name": "textThreeFontFamily",
                      "label": "Text two font family"
                  },
                  {
                      "type": "Input",
                      "name": "textfour",
                      "label": "Text three",
                      "errors": [
                          {
                              "name": "required"
                          },
                          {
                              "name": "maxlength",
                              "length": 50
                          }
                      ]
                  },
                  {
                      "type": "Color Picker",
                      "name": "textfourcolor",
                      "label": "Text three font color"
                  },
                  {
                      "type": "Font Style",
                      "name": "textfourfontstyle",
                      "label": "Text three font style"
                  },
                  {
                      "type": "Dropdown",
                      "name": "textFourFontFamily",
                      "label": "Text three font family"
                  },
                  {
                      "type": "Input",
                      "name": "textfive",
                      "label": "Text four",
                      "errors": [
                          {
                              "name": "required"
                          },
                          {
                              "name": "maxlength",
                              "length": 50
                          }
                      ]
                  },
                  {
                      "type": "Color Picker",
                      "name": "textfivecolor",
                      "label": "Text four font color"
                  },
                  {
                      "type": "Font Style",
                      "name": "textfivefontstyle",
                      "label": "Text four font style"
                  },
                  {
                      "type": "Dropdown",
                      "name": "textFiveFontFamily",
                      "label": "Text four font family"
                  },
                  {
                      "type": "Input",
                      "name": "textsix",
                      "label": "Text five",
                      "errors": [
                          {
                              "name": "required"
                          },
                          {
                              "name": "maxlength",
                              "length": 50
                          }
                      ]
                  },
                  {
                      "type": "Color Picker",
                      "name": "textsixcolor",
                      "label": "Text five font color"
                  },
                  {
                      "type": "Font Style",
                      "name": "textsixfontstyle",
                      "label": "Text five font style"
                  },
                  {
                      "type": "Dropdown",
                      "name": "textSixFontFamily",
                      "label": "Text five font family"
                  },
                  {
                      "type": "Input",
                      "name": "textseven",
                      "label": "Text six",
                      "errors": [
                          {
                              "name": "required"
                          },
                          {
                              "name": "maxlength",
                              "length": 50
                          }
                      ]
                  },
                  {
                      "type": "Color Picker",
                      "name": "textsevencolor",
                      "label": "Text six font color"
                  },
                  {
                      "type": "Font Style",
                      "name": "textsevenfontstyle",
                      "label": "Text six font style"
                  },
                  {
                      "type": "Dropdown",
                      "name": "textSevenFontFamily",
                      "label": "Text six font family"
                  },
                  {
                      "type": "Input",
                      "name": "texteight",
                      "label": "Text seven",
                      "errors": [
                          {
                              "name": "required"
                          },
                          {
                              "name": "maxlength",
                              "length": 50
                          }
                      ]
                  },
                  {
                      "type": "Color Picker",
                      "name": "texteightcolor",
                      "label": "Text seven font color"
                  },
                  {
                      "type": "Font Style",
                      "name": "texteightfontstyle",
                      "label": "Text seven font style"
                  },
                  {
                      "type": "Dropdown",
                      "name": "textEightFontFamily",
                      "label": "Text seven font family"
                  },
                  {
                      "type": "Input",
                      "name": "textnine",
                      "label": "Text eight",
                      "errors": [
                          {
                              "name": "required"
                          },
                          {
                              "name": "maxlength",
                              "length": 50
                          }
                      ]
                  },
                  {
                      "type": "Color Picker",
                      "name": "textninecolor",
                      "label": "Text eight font color"
                  },
                  {
                      "type": "Font Style",
                      "name": "textninefontstyle",
                      "label": "Text eight font style"
                  },
                  {
                      "type": "Dropdown",
                      "name": "textNineFontFamily",
                      "label": "Text eight font family"
                  },
                  {
                      "type": "Input",
                      "name": "textten",
                      "label": "Text nine",
                      "errors": [
                          {
                              "name": "required"
                          },
                          {
                              "name": "maxlength",
                              "length": 50
                          }
                      ]
                  },
                  {
                      "type": "Color Picker",
                      "name": "texttencolor",
                      "label": "Text nine font color"
                  },
                  {
                      "type": "Font Style",
                      "name": "texttenfontstyle",
                      "label": "Text nine font style"
                  },
                  {
                      "type": "Dropdown",
                      "name": "textTenFontFamily",
                      "label": "Text nine font family"
                  }
              ]
          }
      ]
  },
  {
      "id": 2,
      "sectionName": "products",
      "isExistingComponent": true,
      "controls": [
          {
              "groupName": "Header Settings",
              "groupControls": [
                  {
                      "type": "Image",
                      "name": "image",
                      "label": "Background image one"
                  },
                  {
                      "type": "Color Picker",
                      "name": "backgroundcolor",
                      "label": "Background color"
                  },
                  {
                      "type": "Input",
                      "name": "title",
                      "label": "Heading",
                      "errors": [
                          {
                              "name": "maxlength",
                              "length": 50
                          }
                      ]
                  },
                  {
                      "type": "Color Picker",
                      "name": "color",
                      "label": "Heading font color"
                  },
                  {
                      "type": "Slider",
                      "name": "textSize",
                      "label": "Heading font size",
                      "options": [
                          10,
                          34
                      ]
                  },
                  {
                      "type": "Font Style",
                      "name": "fontstyle",
                      "label": "Heading font style"
                  },
                  {
                      "type": "Dropdown",
                      "name": "textFontFamily",
                      "label": "Heading font family"
                  },
                  {
                      "type": "Input",
                      "name": "textone",
                      "label": "Subtext",
                      "errors": [
                          {
                              "name": "required"
                          },
                          {
                              "name": "maxlength",
                              "length": 100
                          }
                      ]
                  },
                  {
                      "type": "Color Picker",
                      "name": "textonecolor",
                      "label": "Subtext font color"
                  },
                  {
                      "type": "Font Style",
                      "name": "textonefontstyle",
                      "label": "Subtext font style"
                  },
                  {
                      "type": "Dropdown",
                      "name": "textOneFontFamily",
                      "label": "Subtext font family"
                  },
                  {
                      "type": "Input",
                      "name": "texttwo",
                      "label": "Subtext",
                      "errors": [
                          {
                              "name": "required"
                          },
                          {
                              "name": "maxlength",
                              "length": 100
                          }
                      ]
                  },
                  {
                      "type": "Color Picker",
                      "name": "texttwocolor",
                      "label": "Subtext font color"
                  },
                  {
                      "type": "Font Style",
                      "name": "texttwofontstyle",
                      "label": "Subtext font style"
                  },
                  {
                      "type": "Dropdown",
                      "name": "textTwoFontFamily",
                      "label": "Subtext font family"
                  }
              ]
          },
          {
              "groupName": "Button Settings",
              "groupControls": [
                  {
                      "type": "Input",
                      "name": "button",
                      "label": "Button text",
                      "errors": [
                          {
                              "name": "required"
                          },
                          {
                              "name": "maxlength",
                              "length": 20
                          }
                      ]
                  },
                  {
                      "type": "Dropdown",
                      "name": "buttonLink",
                      "label": "Redirect to",
                      "errors": [
                          {
                              "name": "required"
                          }
                      ]
                  },
                  {
                      "type": "Color Picker",
                      "name": "buttontextcolor",
                      "label": "Button font color"
                  },
                  {
                      "type": "Font Style",
                      "name": "buttonfontstyle",
                      "label": "Button Font Style"
                  },
                  {
                      "type": "Dropdown",
                      "name": "buttontextFontFamily",
                      "label": "Button font family"
                  },
                  {
                      "type": "Radio",
                      "name": "buttonType",
                      "label": "Button type",
                      "options": [
                          {
                              "name": "Fill",
                              "value": "fill"
                          },
                          {
                              "name": "Stroked",
                              "value": "stroked"
                          }
                      ]
                  },
                  {
                      "type": "Color Picker",
                      "name": "buttonBackgroundColor",
                      "label": "Background / Border color"
                  }
              ]
          }
      ]
  },
  {
      "id": 3,
      "sectionName": "image",
      "isExistingComponent": true,
      "controls": [
          {
              "groupName": "Image Settings",
              "groupControls": [
                  {
                      "type": "Image",
                      "name": "image",
                      "label": "Image"
                  }
              ]
          }
      ]
  },
  {
      "id": 4,
      "sectionName": "addtocart",
      "isExistingComponent": true,
      "controls": [
          {
              "groupName": "Header Settings",
              "groupControls": [
                  {
                      "type": "Color Picker",
                      "name": "backgroundcolor",
                      "label": "Background color"
                  },
                  {
                      "type": "Image",
                      "name": "image",
                      "label": "Main image"
                  },
                  {
                      "type": "Image",
                      "name": "imagetwo",
                      "label": "Subimage one"
                  },
                  {
                      "type": "Image",
                      "name": "imagethree",
                      "label": "Subimage two"
                  },
                  {
                      "type": "Image",
                      "name": "imagefour",
                      "label": "Subimage three"
                  },
                  {
                      "type": "Input",
                      "name": "title",
                      "label": "Heading",
                      "errors": [
                          {
                              "name": "maxlength",
                              "length": 50
                          }
                      ]
                  },
                  {
                      "type": "Color Picker",
                      "name": "color",
                      "label": "Heading font color"
                  },
                  {
                      "type": "Slider",
                      "name": "textSize",
                      "label": "Heading font size",
                      "options": [
                          10,
                          34
                      ]
                  },
                  {
                      "type": "Font Style",
                      "name": "fontstyle",
                      "label": "Heading font style"
                  },
                  {
                      "type": "Dropdown",
                      "name": "textFontFamily",
                      "label": "Heading font family"
                  },
                  {
                      "type": "Input",
                      "name": "textone",
                      "label": "Subtext",
                      "errors": [
                          {
                              "name": "required"
                          },
                          {
                              "name": "maxlength",
                              "length": 100
                          }
                      ]
                  },
                  {
                      "type": "Color Picker",
                      "name": "textonecolor",
                      "label": "Subtext font color"
                  },
                  {
                      "type": "Font Style",
                      "name": "textonefontstyle",
                      "label": "Subtext font style"
                  },
                  {
                      "type": "Dropdown",
                      "name": "textOneFontFamily",
                      "label": "Subtext font family"
                  }
              ]
          },
          {
              "groupName": "Button Settings",
              "groupControls": [
                  {
                      "type": "Input",
                      "name": "button",
                      "label": "Button text",
                      "errors": [
                          {
                              "name": "required"
                          },
                          {
                              "name": "maxlength",
                              "length": 20
                          }
                      ]
                  },
                  {
                      "type": "Dropdown",
                      "name": "buttonLink",
                      "label": "Redirect to",
                      "errors": [
                          {
                              "name": "required"
                          }
                      ]
                  },
                  {
                      "type": "Color Picker",
                      "name": "buttontextcolor",
                      "label": "Button font color"
                  },
                  {
                      "type": "Font Style",
                      "name": "buttonfontstyle",
                      "label": "Button Font Style"
                  },
                  {
                      "type": "Dropdown",
                      "name": "buttontextFontFamily",
                      "label": "Button font family"
                  },
                  {
                      "type": "Radio",
                      "name": "buttonType",
                      "label": "Button type",
                      "options": [
                          {
                              "name": "Fill",
                              "value": "fill"
                          },
                          {
                              "name": "Stroked",
                              "value": "stroked"
                          }
                      ]
                  },
                  {
                      "type": "Color Picker",
                      "name": "buttonBackgroundColor",
                      "label": "Background / Border color"
                  },
                  {
                      "type": "Input",
                      "name": "buttontwo",
                      "label": "Button text",
                      "errors": [
                          {
                              "name": "required"
                          },
                          {
                              "name": "maxlength",
                              "length": 20
                          }
                      ]
                  },
                  {
                      "type": "Dropdown",
                      "name": "buttonLink",
                      "label": "Redirect to",
                      "errors": [
                          {
                              "name": "required"
                          }
                      ]
                  },
                  {
                      "type": "Color Picker",
                      "name": "buttontwotextcolor",
                      "label": "Button font color"
                  },
                  {
                      "type": "Font Style",
                      "name": "buttontwofontstyle",
                      "label": "Button Font Style"
                  },
                  {
                      "type": "Dropdown",
                      "name": "SubtextFontFamily",
                      "label": "Button font family"
                  },
                  {
                      "type": "Radio",
                      "name": "buttonType",
                      "label": "Button type",
                      "options": [
                          {
                              "name": "Fill",
                              "value": "fill"
                          },
                          {
                              "name": "Stroked",
                              "value": "stroked"
                          }
                      ]
                  },
                  {
                      "type": "Color Picker",
                      "name": "buttontwoBackgroundColor",
                      "label": "Background / Border color"
                  }
              ]
          }
      ]
  },
  {
      "id": 5,
      "sectionName": "Offers",
      "isExistingComponent": true,
      "controls": [
          {
              "groupName": "Header Settings",
              "groupControls": [
                  {
                      "type": "Image",
                      "name": "image",
                      "label": "image"
                  },
                  {
                      "type": "Input",
                      "name": "title",
                      "label": "Heading",
                      "errors": [
                          {
                              "name": "maxlength",
                              "length": 50
                          }
                      ]
                  },
                  {
                      "type": "Color Picker",
                      "name": "color",
                      "label": "Heading font color"
                  },
                  {
                      "type": "Slider",
                      "name": "textSize",
                      "label": "Heading font size",
                      "options": [
                          10,
                          34
                      ]
                  },
                  {
                      "type": "Font Style",
                      "name": "fontstyle",
                      "label": "Heading font style"
                  },
                  {
                      "type": "Dropdown",
                      "name": "textFontFamily",
                      "label": "Heading font family"
                  }
              ]
          },
          {
              "groupName": "Offers Timing",
              "groupControls": [
                  {
                      "type": "Input",
                      "name": "timerday",
                      "label": "Days"
                  },
                  {
                      "type": "Input",
                      "name": "timerhour",
                      "label": "Hours"
                  },
                  {
                      "type": "Input",
                      "name": "timermin",
                      "label": "Minutes"
                  },
                  {
                      "name": "dbDate"
                  },
                  {
                      "name": "oldmillisec"
                  }
              ]
          }
      ]
  },
  {
      "id": 6,
      "sectionName": "chooseus",
      "isExistingComponent": true,
      "controls": [
          {
              "groupName": "Policy Settings",
              "groupControls": [
                  {
                      "type": "Color Picker",
                      "name": "backgroundcolor",
                      "label": "Background / Border color"
                  },
                  {
                      "type": "Image",
                      "name": "image",
                      "label": "image"
                  },
                  {
                      "type": "Image",
                      "name": "imagetwo",
                      "label": "image"
                  },
                  {
                      "type": "Image",
                      "name": "imagethree",
                      "label": "image"
                  },
                  {
                      "type": "Image",
                      "name": "imagefour",
                      "label": "image"
                  },
                  {
                      "type": "Input",
                      "name": "textone",
                      "label": "Subtext",
                      "errors": [
                          {
                              "name": "required"
                          },
                          {
                              "name": "maxlength",
                              "length": 100
                          }
                      ]
                  },
                  {
                      "type": "Color Picker",
                      "name": "textonecolor",
                      "label": "Subtext font color"
                  },
                  {
                      "type": "Font Style",
                      "name": "textonefontstyle",
                      "label": "Subtext font style"
                  },
                  {
                      "type": "Dropdown",
                      "name": "textOneFontFamily",
                      "label": "Subtext font family"
                  },
                  {
                      "type": "Input",
                      "name": "texttwo",
                      "label": "Subtext",
                      "errors": [
                          {
                              "name": "required"
                          },
                          {
                              "name": "maxlength",
                              "length": 100
                          }
                      ]
                  },
                  {
                      "type": "Color Picker",
                      "name": "texttwocolor",
                      "label": "Subtext font color"
                  },
                  {
                      "type": "Font Style",
                      "name": "texttwofontstyle",
                      "label": "Subtext font style"
                  },
                  {
                      "type": "Dropdown",
                      "name": "textTwoFontFamily",
                      "label": "Subtext font family"
                  },
                  {
                      "type": "Input",
                      "name": "textthree",
                      "label": "Subtext",
                      "errors": [
                          {
                              "name": "required"
                          },
                          {
                              "name": "maxlength",
                              "length": 100
                          }
                      ]
                  },
                  {
                      "type": "Color Picker",
                      "name": "textthreecolor",
                      "label": "Subtext font color"
                  },
                  {
                      "type": "Font Style",
                      "name": "textthreefontstyle",
                      "label": "Subtext font style"
                  },
                  {
                      "type": "Dropdown",
                      "name": "textThreeFontFamily",
                      "label": "Subtext font family"
                  },
                  {
                      "type": "Input",
                      "name": "textfour",
                      "label": "Subtext",
                      "errors": [
                          {
                              "name": "required"
                          },
                          {
                              "name": "maxlength",
                              "length": 100
                          }
                      ]
                  },
                  {
                      "type": "Color Picker",
                      "name": "textfourcolor",
                      "label": "Subtext font color"
                  },
                  {
                      "type": "Font Style",
                      "name": "textfourfontstyle",
                      "label": "Subtext font style"
                  },
                  {
                      "type": "Dropdown",
                      "name": "textFourFontFamily",
                      "label": "Subtext font family"
                  },
                  {
                      "type": "Input",
                      "name": "textfive",
                      "label": "Subtext",
                      "errors": [
                          {
                              "name": "required"
                          },
                          {
                              "name": "maxlength",
                              "length": 100
                          }
                      ]
                  },
                  {
                      "type": "Color Picker",
                      "name": "textfivecolor",
                      "label": "Subtext font color"
                  },
                  {
                      "type": "Font Style",
                      "name": "textfivefontstyle",
                      "label": "Subtext font style"
                  },
                  {
                      "type": "Dropdown",
                      "name": "textFiveFontFamily",
                      "label": "Subtext font family"
                  },
                  {
                      "type": "Input",
                      "name": "textsix",
                      "label": "Subtext",
                      "errors": [
                          {
                              "name": "required"
                          },
                          {
                              "name": "maxlength",
                              "length": 100
                          }
                      ]
                  },
                  {
                      "type": "Color Picker",
                      "name": "textsixcolor",
                      "label": "Subtext font color"
                  },
                  {
                      "type": "Font Style",
                      "name": "textsixfontstyle",
                      "label": "Subtext font style"
                  },
                  {
                      "type": "Dropdown",
                      "name": "textSixFontFamily",
                      "label": "Subtext font family"
                  },
                  {
                      "type": "Input",
                      "name": "textseven",
                      "label": "Subtext",
                      "errors": [
                          {
                              "name": "required"
                          },
                          {
                              "name": "maxlength",
                              "length": 100
                          }
                      ]
                  },
                  {
                      "type": "Color Picker",
                      "name": "textsevencolor",
                      "label": "Subtext font color"
                  },
                  {
                      "type": "Font Style",
                      "name": "textsevenfontstyle",
                      "label": "Subtext font style"
                  },
                  {
                      "type": "Dropdown",
                      "name": "textSevenFontFamily",
                      "label": "Subtext font family"
                  },
                  {
                      "type": "Input",
                      "name": "texteight",
                      "label": "Subtext",
                      "errors": [
                          {
                              "name": "required"
                          },
                          {
                              "name": "maxlength",
                              "length": 100
                          }
                      ]
                  },
                  {
                      "type": "Color Picker",
                      "name": "texteightcolor",
                      "label": "Subtext font color"
                  },
                  {
                      "type": "Font Style",
                      "name": "texteightfontstyle",
                      "label": "Subtext font style"
                  },
                  {
                      "type": "Dropdown",
                      "name": "textEightFontFamily",
                      "label": "Subtext font family"
                  }
              ]
          }
      ]
  }
]