[
  {
      "id": 1,
      "sectionName": "Checkout",
      "controls": [
          {
              "type": "Slider Toggle",
              "name": "stepperEnable",
              "label": "Enable Stepper Type Checkout"
          },
          {
              "type": "Checkbox",
              "name": "enablePrivacyPolicy",
              "label": "Enable Privacy Policy"
          },
          {
              "type": "Checkbox",
              "name": "enableAllowMarketing",
              "label": "Enable Allow Marketing"
          },
          {
              "type": "Checkbox",
              "name": "enableMakeShippingAsBilling",
              "label": "Enable Make Shipping As Billing"
          },
          {
              "type": "Checkbox",
              "name": "enableMakeDefaultAsBilling",
              "label": "Enable Make Default As Billing"
          },
          {
              "type": "Checkbox",
              "name": "enableNewBilling",
              "label": "Enable New Billing"
          },
          {
              "type": "Input",
              "name": "shoppingButtonText",
              "label": "Shopping Button Label"
          },
          {
              "type": "Input",
              "name": "viewCartLink",
              "label": "View Cart Link Label"
          },
          {
              "type": "Checkbox",
              "name": "showProductsCount",
              "label": "Show Products Count"
          },
          {
              "type": "Slider Toggle",
              "name": "applyCoupon",
              "label": "Apply Coupon"
          },
          {
              "type": "Text Area",
              "name": "offerDescription",
              "label": "Offer Description"
          },
          {
              "type": "Slider Toggle",
              "name": "applyStoreCredit",
              "label": "Apply Store Credit"
          },
          {
              "type": "Text Area",
              "name": "storeCreditDescription",
              "label": "Store Credit Description"
          },
          {
              "type": "Slider Toggle",
              "name": "applyGiftCard",
              "label": "Apply Gift Card"
          },
          {
              "type": "Text Area",
              "name": "giftCardDescription",
              "label": "Gift Card Description"
          },
          {
              "type": "Custom Question",
              "name": "contactQuestions",
              "label": "Contact Questions"
          },
          {
              "type": "Custom Question",
              "name": "shippingQuestions",
              "label": "Shipping Questions"
          },
          {
              "type": "Custom Question",
              "name": "billingQuestions",
              "label": "Billing Questions"
          },
          {
              "type": "Custom Question",
              "name": "paymentQuestions",
              "label": "Payment Questions"
          }
      ]
  }
]