[
  {
      "sectionId": 1,
      "details": {
          "title": "Elegant Winery",
          "image": "themes/beverages/BeverageImage.jpg",
          "color": "#FFFFFF",
          "backgroundColor1": "#831638",
          "backgroundColor2": "#990012",
          "textSize": 35,
          "textalign": "center",
          "fontstyle": [
              "B"
          ],
          "textFontFamily": "'Montserrat',sans-serif",
          "titleone": "Learn More About Rosada",
          "colorone": "#FFFFFF",
          "backgroundColorone": "#831638",
          "textSizeone": 16,
          "fontstyleone": [
              "B"
          ],
          "textOneFontFamily": "'Montserrat',sans-serif",
          "buttonLink": "aboutus"
      },
      "selectorDetails": {
          "selector": "phase-ii-beverage-home",
          "inputData": [
              {
                  "selectorInput": "home",
                  "handlerInput": "previewDetails.storePageSetup.savedPageContent"
              }
          ],
          "outputData": [
              {
                  "selectorOutput": "pageToNavigate",
                  "handlerFunction": "pageToNavigate"
              }
          ]
      },
      "sectionName": "beverage-home",
      "isExistingComponent": true,
      "sampleData": null,
      "script": "themes/bundle/beverage/beverage-theme/beverage-home.js"
  },
  {
      "sectionId": 2,
      "details": {},
      "selectorDetails": {
          "selector": "phase-ii-beverage-products-category",
          "inputData": [
              {
                  "selectorInput": "FeaturedProducts",
                  "handlerInput": "previewDetails.storePageSetup.savedPageContent"
              },
              {
                  "selectorInput": "categories",
                  "handlerInput": "sampleData.categories",
                  "functionName": "getAllFeaturedCategories"
              }
          ],
          "outputData": [
              {
                  "selectorOutput": "pageToNavigate",
                  "handlerFunction": "pageToNavigate"
              }
          ]
      },
      "sampleData": {
          "categories": [
              {
                  "categoryImageUrl": "themes/beverages/Brandy.jpg",
                  "categoryName": "Brandy"
              },
              {
                  "categoryImageUrl": "themes/beverages/Gin.jpg",
                  "categoryName": "Gin"
              },
              {
                  "categoryImageUrl": "themes/beverages/Rum.jpg",
                  "categoryName": "Rum"
              },
              {
                  "categoryImageUrl": "themes/beverages/Whiskey.jpg",
                  "categoryName": "Whiskey"
              },
              {
                  "categoryImageUrl": "themes/beverages/Vodka.jpg",
                  "categoryName": "Vodka"
              },
              {
                  "categoryImageUrl": "themes/beverages/Tequila.jpg",
                  "categoryName": "Wine"
              }
          ]
      },
      "sectionName": "beverage products category",
      "isExistingComponent": true,
      "isVisible": true,
      "script": "themes/bundle/beverage/beverage-theme/beverage-home.js"
  },
  {
      "sectionId": 3,
      "details": {
          "title": "TASTE FOR YOUR LIFE",
          "color": "#a22a2a",
          "textSize": 15,
          "textalign": "center",
          "fontstyle": [
              "B"
          ],
          "textFontFamily": "'Montserrat',sans-serif",
          "description": "New Products",
          "descriptioncolor": "#000000",
          "descriptiontextSize": 35,
          "descriptiontextalign": "center",
          "descriptionfontstyle": [
              "B"
          ],
          "descriptiontextFontFamily": "'Montserrat',sans-serif",
          "button": "VIEW MORE WINE",
          "buttontextcolor": "#000000",
          "backgroundColor": "",
          "buttonfontstyle": [
              ""
          ],
          "buttontextFontFamily": "'Montserrat',sans-serif"
      },
      "selectorDetails": {
          "selector": "phase-ii-beverage-feautured-category",
          "inputData": [
              {
                  "selectorInput": "Productslist",
                  "handlerInput": "previewDetails.storePageSetup.savedPageContent"
              },
              {
                  "selectorInput": "featuredProducts",
                  "handlerInput": "sampleData.Products",
                  "functionName": "getAllFeaturedProducts"
              }
          ],
          "outputData": [
              {
                  "selectorOutput": "pageToNavigate",
                  "handlerFunction": "pageToNavigate"
              }
          ]
      },
      "sampleData": {
          "Products": [
              {
                  "featuredImage": "themes/beverages/Rosegardenwine.jpg",
                  "name": "Lord Whisper Wine",
                  "price": "78"
              },
              {
                  "featuredImage": "themes/beverages/westernbellewine.jpg",
                  "name": "Western Belle Wine",
                  "price": "78"
              },
              {
                  "featuredImage": "themes/beverages/wineguzzlers.jpg",
                  "name": "Wine Guzzlers",
                  "price": "78"
              },
              {
                  "featuredImage": "themes/beverages/cherrybudwine.jpg",
                  "name": "cherrybud Wine",
                  "price": "78"
              },
              {
                  "featuredImage": "themes/beverages/Hattentionwine.jpg",
                  "name": "Hattention Wine",
                  "price": "78"
              },
              {
                  "featuredImage": "themes/beverages/Glorypeachwine.jpg",
                  "name": "Glory peach Wine",
                  "price": "78"
              },
              {
                  "featuredImage": "themes/beverages/clearshotwine.jpg",
                  "name": "Clearshot Bottle",
                  "price": "78"
              },
              {
                  "featuredImage": "themes/beverages/Farmhousewine.jpg",
                  "name": "Farmhouse Wine",
                  "price": "78"
              }
          ]
      },
      "sectionName": "beverage feautured category",
      "isExistingComponent": true,
      "isVisible": true,
      "script": "themes/bundle/beverage/beverage-theme/beverage-home.js"
  },
  {
      "sectionId": 4,
      "details": {
          "title": "Rich Wine Collections",
          "color": "#FFFFFF",
          "textSize": 30,
          "textalign": "center",
          "fontstyle": [
              "B"
          ],
          "textFontFamily": "'Montserrat',sans-serif",
          "description": "100 Years Old",
          "descriptioncolor": "#FFFFFF",
          "descriptiontextSize": 30,
          "descriptiontextalign": "center",
          "descriptionfontstyle": [
              "B"
          ],
          "descriptiontextFontFamily": "'Montserrat',sans-serif",
          "Subtext": "Wanna see more?",
          "Subtextcolor": "#FFFFFF",
          "SubtexttextSize": 15,
          "Subtexttextalign": "center",
          "Subtextfontstyle": [
              "B"
          ],
          "button": "Explore!",
          "buttontextcolor": "#FFFFFF",
          "backgroundColor": "#a22a2a",
          "buttonfontstyle": [
              ""
          ],
          "buttonLink": "products",
          "buttontextFontFamily": "'Montserrat',sans-serif",
          "imageone": "themes/beverages/Beirao.jpg",
          "imagetwo": "themes/beverages/Hendricks.jpg",
          "imagethree": "themes/beverages/Tequila.jpg",
          "imagefour": "themes/beverages/Classicwine.jpg",
          "imagefive": "themes/beverages/Vodka.jpg",
          "imagesix": "themes/beverages/Gin.jpg"
      },
      "selectorDetails": {
          "selector": "phase-ii-beverage-home-media",
          "inputData": [
              {
                  "selectorInput": "Media",
                  "handlerInput": "previewDetails.storePageSetup.savedPageContent"
              }
          ],
          "outputData": [
              {
                  "selectorOutput": "pageToNavigate",
                  "handlerFunction": "pageToNavigate"
              }
          ]
      },
      "sectionName": "beverage home media",
      "isExistingComponent": true,
      "sampleData": null,
      "script": "themes/bundle/beverage/beverage-theme/beverage-home.js"
  },
  {
      "sectionId": 5,
      "details": {},
      "selectorDetails": {
          "selector": "phase-ii-recently-viewed-products",
          "inputData": [
              {
                  "selectorInput": "recentlyViewedProducts",
                  "handlerInput": "sampleData.recentlyViewedProducts",
                  "functionName": "getRecentlyViewedProducts"
              }
          ],
          "outputData": [
              {
                  "selectorOutput": "pageToNavigate",
                  "handlerFunction": "pageToNavigate"
              }
          ]
      },
      "sectionName": "Recently Viewed Products",
      "isExistingComponent": true,
      "script": "themes/bundle/shared-theme/recently-viewed-products.js",
      "sampleData": {
          "recentlyViewedProducts": [
              {
                  "product": {
                      "featuredImage": "themes/beverages/Gin.jpg",
                      "name": "Gin",
                      "price": "200"
                  }
              },
              {
                  "product": {
                      "featuredImage": "themes/beverages/Tequila.jpg",
                      "name": "Tequila",
                      "price": "300"
                  }
              },
              {
                  "product": {
                      "featuredImage": "themes/beverages/clearshotwine.jpg",
                      "name": "Wine",
                      "price": "200"
                  }
              },
              {
                  "product": {
                      "featuredImage": "themes/beverages/Rum.jpg",
                      "name": "Rum",
                      "price": "400"
                  }
              },
              {
                  "product": {
                      "featuredImage": "themes/beverages/Whiskey.jpg",
                      "name": "Whiskey",
                      "price": "500"
                  }
              }
          ]
      },
      "isVisible": true
  }
]