[
  {
      "id": 1,
      "sectionName": "Heading ",
      "isExistingComponent": true,
      "controls": [
          {
              "groupName": "General Settings",
              "groupControls": [
                  {
                      "type": "Image",
                      "name": "image",
                      "label": "Upload image"
                  },
                  {
                      "type": "Color Picker",
                      "name": "backgroundColor1",
                      "label": "Background color 1"
                  },
                  {
                      "type": "Color Picker",
                      "name": "backgroundColor2",
                      "label": "Background color 2"
                  }
              ]
          },
          {
              "groupName": "Heading",
              "groupControls": [
                  {
                      "type": "Input",
                      "name": "title",
                      "label": "Title",
                      "errors": [
                          {
                              "name": "required"
                          },
                          {
                              "name": "maxlength",
                              "length": 40
                          }
                      ]
                  },
                  {
                      "type": "Color Picker",
                      "name": "color",
                      "label": "Title color"
                  },
                  {
                      "type": "Slider",
                      "name": "textSize",
                      "label": "Font size",
                      "options": [
                          10,
                          40
                      ]
                  },
                  {
                      "type": "Font Style",
                      "name": "fontstyle",
                      "label": "Font style"
                  },
                  {
                      "type": "Dropdown",
                      "name": "textFontFamily",
                      "label": " Font family"
                  }
              ]
          },
          {
              "groupName": "Banner Button Settings",
              "groupControls": [
                  {
                      "type": "Input",
                      "name": "titleone",
                      "label": "Button text",
                      "errors": [
                          {
                              "name": "required"
                          },
                          {
                              "name": "maxlength",
                              "length": 40
                          }
                      ]
                  },
                  {
                      "type": "Color Picker",
                      "name": "colorone",
                      "label": "Font color"
                  },
                  {
                      "type": "Color Picker",
                      "name": "backgroundColorone",
                      "label": "Background color"
                  },
                  {
                      "type": "Slider",
                      "name": "textSizeone",
                      "label": "Font size",
                      "options": [
                          10,
                          40
                      ]
                  },
                  {
                      "type": "Font Style",
                      "name": "fontstyleone",
                      "label": "Font style"
                  },
                  {
                      "type": "Dropdown",
                      "name": "textOneFontFamily",
                      "label": " Font family"
                  },
                  {
                      "type": "Dropdown",
                      "name": "buttonLink",
                      "label": "Redirect to"
                  }
              ]
          }
      ]
  },
  {
      "id": 2,
      "sectionName": "Product Category ",
      "isExistingComponent": true,
      "controls": []
  },
  {
      "id": 3,
      "sectionName": "Featured Category",
      "isExistingComponent": true,
      "controls": [
          {
              "groupName": "Category Settings",
              "groupControls": [
                  {
                      "type": "Input",
                      "name": "title",
                      "label": "Text",
                      "errors": [
                          {
                              "name": "required"
                          },
                          {
                              "name": "maxlength",
                              "length": 40
                          }
                      ]
                  },
                  {
                      "type": "Color Picker",
                      "name": "color",
                      "label": "Font color"
                  },
                  {
                      "type": "Slider",
                      "name": "textSize",
                      "label": "Font size",
                      "options": [
                          10,
                          40
                      ]
                  },
                  {
                      "type": "Radio",
                      "name": "textalign",
                      "label": "Alignment",
                      "options": [
                          {
                              "name": "Left",
                              "value": "left"
                          },
                          {
                              "name": "Center",
                              "value": "center"
                          },
                          {
                              "name": "Right",
                              "value": "right"
                          }
                      ]
                  },
                  {
                      "type": "Font Style",
                      "name": "fontstyle",
                      "label": "Font style"
                  },
                  {
                      "type": "Dropdown",
                      "name": "textFontFamily",
                      "label": "Font family"
                  }
              ]
          },
          {
              "groupName": "Description Settings",
              "groupControls": [
                  {
                      "type": "Input",
                      "name": "description",
                      "label": "Subtext",
                      "errors": [
                          {
                              "name": "required"
                          },
                          {
                              "name": "maxlength",
                              "length": 200
                          }
                      ]
                  },
                  {
                      "type": "Color Picker",
                      "name": "descriptioncolor",
                      "label": "Subtext color"
                  },
                  {
                      "type": "Slider",
                      "name": "descriptiontextSize",
                      "label": "Subtext size",
                      "options": [
                          10,
                          40
                      ]
                  },
                  {
                      "type": "Radio",
                      "name": "descriptiontextalign",
                      "label": "Subtext alignment",
                      "options": [
                          {
                              "name": "Left",
                              "value": "left"
                          },
                          {
                              "name": "Center",
                              "value": "center"
                          },
                          {
                              "name": "Right",
                              "value": "right"
                          }
                      ]
                  },
                  {
                      "type": "Font Style",
                      "name": "descriptionfontstyle",
                      "label": "Subtext font style"
                  },
                  {
                      "type": "Dropdown",
                      "name": "descriptiontextFontFamily",
                      "label": "Subtext font family"
                  }
              ]
          },
          {
              "groupName": "Button Settings",
              "groupControls": [
                  {
                      "type": "Input",
                      "name": "button",
                      "label": "Button text",
                      "errors": [
                          {
                              "name": "required"
                          },
                          {
                              "name": "maxlength",
                              "length": 20
                          }
                      ]
                  },
                  {
                      "type": "Color Picker",
                      "name": "buttontextcolor",
                      "label": "Font color"
                  },
                  {
                      "type": "Color Picker",
                      "name": "backgroundColor",
                      "label": "Background color"
                  },
                  {
                      "type": "Font Style",
                      "name": "buttonfontstyle",
                      "label": "Font style"
                  },
                  {
                      "type": "Dropdown",
                      "name": "buttontextFontFamily",
                      "label": " Font family"
                  }
              ]
          }
      ]
  },
  {
      "id": 4,
      "sectionName": "Media",
      "isExistingComponent": true,
      "controls": [
          {
              "groupName": "Header Settings",
              "groupControls": [
                  {
                      "type": "Input",
                      "name": "title",
                      "label": "Text",
                      "errors": [
                          {
                              "name": "required"
                          },
                          {
                              "name": "maxlength",
                              "length": 40
                          }
                      ]
                  },
                  {
                      "type": "Color Picker",
                      "name": "color",
                      "label": "Font color"
                  },
                  {
                      "type": "Slider",
                      "name": "textSize",
                      "label": "Font size",
                      "options": [
                          10,
                          40
                      ]
                  },
                  {
                      "type": "Font Style",
                      "name": "fontstyle",
                      "label": "Font style"
                  },
                  {
                      "type": "Dropdown",
                      "name": "textFontFamily",
                      "label": " Font family"
                  }
              ]
          },
          {
              "groupName": "Description Settings",
              "groupControls": [
                  {
                      "type": "Input",
                      "name": "description",
                      "label": "Description text",
                      "errors": [
                          {
                              "name": "required"
                          },
                          {
                              "name": "maxlength",
                              "length": 200
                          }
                      ]
                  },
                  {
                      "type": "Color Picker",
                      "name": "descriptioncolor",
                      "label": "Font color"
                  },
                  {
                      "type": "Slider",
                      "name": "descriptiontextSize",
                      "label": "Font size",
                      "options": [
                          10,
                          40
                      ]
                  },
                  {
                      "type": "Font Style",
                      "name": "descriptionfontstyle",
                      "label": "Font style"
                  },
                  {
                      "type": "Dropdown",
                      "name": "descriptiontextFontFamily",
                      "label": " Font family"
                  }
              ]
          },
          {
              "groupName": "Subtext Settings",
              "groupControls": [
                  {
                      "type": "Input",
                      "name": "Subtext",
                      "label": "Subtext",
                      "errors": [
                          {
                              "name": "required"
                          },
                          {
                              "name": "maxlength",
                              "length": 40
                          }
                      ]
                  },
                  {
                      "type": "Color Picker",
                      "name": "Subtextcolor",
                      "label": "Subtext color"
                  },
                  {
                      "type": "Slider",
                      "name": "SubtexttextSize",
                      "label": "Subtext size",
                      "options": [
                          10,
                          40
                      ]
                  },
                  {
                      "type": "Font Style",
                      "name": "Subtextfontstyle",
                      "label": "Subtext style"
                  }
              ]
          },
          {
              "groupName": "Button Settings",
              "groupControls": [
                  {
                      "type": "Input",
                      "name": "button",
                      "label": "Button text",
                      "errors": [
                          {
                              "name": "required"
                          },
                          {
                              "name": "maxlength",
                              "length": 20
                          }
                      ]
                  },
                  {
                      "type": "Dropdown",
                      "name": "buttonLink",
                      "label": "Redirect to"
                  },
                  {
                      "type": "Color Picker",
                      "name": "buttontextcolor",
                      "label": "Font color"
                  },
                  {
                      "type": "Color Picker",
                      "name": "backgroundColor",
                      "label": "Background color"
                  },
                  {
                      "type": "Font Style",
                      "name": "buttonfontstyle",
                      "label": "Font style"
                  },
                  {
                      "type": "Dropdown",
                      "name": "buttontextFontFamily",
                      "label": "Font family"
                  },
                  {
                      "type": "Image",
                      "name": "imageone",
                      "label": "Image one"
                  },
                  {
                      "type": "Image",
                      "name": "imagetwo",
                      "label": "Image two"
                  },
                  {
                      "type": "Image",
                      "name": "imagethree",
                      "label": "Image three"
                  },
                  {
                      "type": "Image",
                      "name": "imagefour",
                      "label": "Image four"
                  },
                  {
                      "type": "Image",
                      "name": "imagefive",
                      "label": "Image five"
                  },
                  {
                      "type": "Image",
                      "name": "imagesix",
                      "label": "Image six"
                  }
              ]
          }
      ]
  },
  {
      "id": 5,
      "sectionName": "Recently Viewed Products",
      "isExistingComponent": true,
      "controls": []
  }
]