[
  {
      "id": 1,
      "sectionName": "Story and Values",
      "isExistingComponent": true,
      "controls": [
          {
              "groupName": "Story Settings",
              "groupControls": [
                  {
                      "type": "Slider Toggle",
                      "name": "storyEnable",
                      "label": "Show / Hide story"
                  },
                  {
                      "type": "Input",
                      "name": "sectionTitle",
                      "label": "Story title",
                      "errors": [
                          {
                              "name": "required"
                          },
                          {
                              "name": "maxlength",
                              "length": 100
                          }
                      ]
                  },
                  {
                      "type": "Font Style",
                      "name": "textFontStyle",
                      "label": "Font style"
                  },
                  {
                      "type": "Dropdown",
                      "name": "textFontFamily",
                      "label": "Text font family"
                  },
                  {
                      "type": "Slider",
                      "name": "textSize",
                      "label": "Title text size",
                      "options": [
                          10,
                          80
                      ]
                  },
                  {
                      "type": "Color Picker",
                      "name": "textColor",
                      "label": "Heading text color"
                  },
                  {
                      "type": "Text Area",
                      "name": "companyQuote",
                      "label": "Quote about company",
                      "errors": [
                          {
                              "name": "required"
                          },
                          {
                              "name": "maxlength",
                              "length": 200
                          }
                      ]
                  },
                  {
                      "type": "Font Style",
                      "name": "subtextFontStyle",
                      "label": "Font style"
                  },
                  {
                      "type": "Dropdown",
                      "name": "subtextFontFamily",
                      "label": "Text font family"
                  },
                  {
                      "type": "Slider",
                      "name": "subTextSize",
                      "label": "Title text size",
                      "options": [
                          10,
                          80
                      ]
                  },
                  {
                      "type": "Color Picker",
                      "name": "subTextColor",
                      "label": "Heading text color"
                  },
                  {
                      "type": "Text Area",
                      "name": "companyStoryPara1",
                      "label": "Story paragraph 1",
                      "errors": [
                          {
                              "name": "required"
                          }
                      ]
                  },
                  {
                      "type": "Text Area",
                      "name": "companyStoryPara2",
                      "label": "Story paragraph 2",
                      "errors": [
                          {
                              "name": "required"
                          }
                      ]
                  },
                  {
                      "type": "Image",
                      "name": "backgroundImage",
                      "label": "Background image",
                      "errors": [
                          {
                              "name": "required"
                          }
                      ]
                  },
                  {
                      "type": "Radio",
                      "name": "imageBackgroundSizeType",
                      "label": "Image background size type",
                      "options": [
                          {
                              "name": "Cover",
                              "value": "cover"
                          },
                          {
                              "name": "Fill (100% 100%)",
                              "value": "100% 100%"
                          }
                      ]
                  }
              ]
          },
          {
              "groupName": "Value Settings",
              "groupControls": [
                  {
                      "type": "Slider Toggle",
                      "name": "valuesEnable",
                      "label": "Show / Hide values"
                  },
                  {
                      "type": "Input",
                      "name": "valuesHeading",
                      "label": "Values title",
                      "errors": [
                          {
                              "name": "required"
                          },
                          {
                              "name": "maxlength",
                              "length": 100
                          }
                      ]
                  },
                  {
                      "type": "Font Style",
                      "name": "valueTitleFontStyle",
                      "label": "Font style"
                  },
                  {
                      "type": "Dropdown",
                      "name": "valueTitleFontFamily",
                      "label": "Text font family"
                  },
                  {
                      "type": "Slider",
                      "name": "valueTitleSize",
                      "label": "Text size",
                      "options": [
                          10,
                          80
                      ]
                  },
                  {
                      "type": "Color Picker",
                      "name": "valueTitleColor",
                      "label": "Text color"
                  },
                  {
                      "type": "Text Area",
                      "name": "values",
                      "label": "Our values",
                      "errors": [
                          {
                              "name": "required"
                          }
                      ]
                  }
              ]
          }
      ]
  },
  {
      "id": 2,
      "sectionName": "Gallery",
      "isExistingComponent": true,
      "controls": [
          {
              "groupName": "Text Settings",
              "groupControls": [
                  {
                      "type": "Slider Toggle",
                      "name": "isCaption",
                      "label": "Show / Hide caption"
                  },
                  {
                      "type": "Input",
                      "name": "sectionTitle",
                      "label": "Gallery title",
                      "errors": [
                          {
                              "name": "required"
                          },
                          {
                              "name": "maxlength",
                              "length": 200
                          }
                      ]
                  },
                  {
                      "type": "Font Style",
                      "name": "textFontStyle",
                      "label": "Font style"
                  },
                  {
                      "type": "Dropdown",
                      "name": "textFontFamily",
                      "label": "Text font family"
                  },
                  {
                      "type": "Slider",
                      "name": "textSize",
                      "label": "Title text size",
                      "options": [
                          10,
                          80
                      ]
                  },
                  {
                      "type": "Color Picker",
                      "name": "textColor",
                      "label": "Heading text color"
                  }
              ]
          },
          {
              "groupName": "Image Settings",
              "groupControls": [
                  {
                      "type": "ArrayOfObjects",
                      "name": "galleryImages",
                      "label": "Gallery images"
                  }
              ]
          }
      ]
  },
  {
      "id": 3,
      "sectionName": "Team",
      "isExistingComponent": true,
      "controls": [
          {
              "groupName": "Text Settings",
              "groupControls": [
                  {
                      "type": "Input",
                      "name": "sectionTitle",
                      "label": "Team title",
                      "errors": [
                          {
                              "name": "required"
                          },
                          {
                              "name": "maxlength",
                              "length": 100
                          }
                      ]
                  },
                  {
                      "type": "Font Style",
                      "name": "textFontStyle",
                      "label": "Title font style"
                  },
                  {
                      "type": "Dropdown",
                      "name": "textFontFamily",
                      "label": "Title font family"
                  },
                  {
                      "type": "Slider",
                      "name": "textSize",
                      "label": "Title text size",
                      "options": [
                          10,
                          80
                      ]
                  },
                  {
                      "type": "Color Picker",
                      "name": "textColor",
                      "label": "Title color"
                  },
                  {
                      "type": "Input",
                      "name": "retailQuote",
                      "label": "Quote about team / company",
                      "errors": [
                          {
                              "name": "required"
                          },
                          {
                              "name": "maxlength",
                              "length": 100
                          }
                      ]
                  },
                  {
                      "type": "Font Style",
                      "name": "subtextFontStyle",
                      "label": "Title font style"
                  },
                  {
                      "type": "Dropdown",
                      "name": "subtextFontFamily",
                      "label": "Title font family"
                  },
                  {
                      "type": "Slider",
                      "name": "subTextSize",
                      "label": "Title text size",
                      "options": [
                          10,
                          80
                      ]
                  },
                  {
                      "type": "Color Picker",
                      "name": "subTextColor",
                      "label": "Title color"
                  },
                  {
                      "type": "Text Area",
                      "name": "teamContent",
                      "label": "Content about team",
                      "errors": [
                          {
                              "name": "required"
                          }
                      ]
                  }
              ]
          },
          {
              "groupName": "Team Settings",
              "groupControls": [
                  {
                      "type": "ArrayOfObjects",
                      "name": "teamDetails",
                      "label": "Team member details"
                  },
                  {
                      "type": "Slider Toggle",
                      "name": "showImage",
                      "label": "Show / Hide image"
                  },
                  {
                      "type": "Slider Toggle",
                      "name": "showProfession",
                      "label": "Show / Hide profession"
                  }
              ]
          }
      ]
  },
  {
      "id": 4,
      "sectionName": "Features",
      "isExistingComponent": true,
      "controls": [
          {
              "groupName": "Text Settings",
              "groupControls": [
                  {
                      "type": "Input",
                      "name": "sectionTitle",
                      "label": "Features title",
                      "errors": [
                          {
                              "name": "required"
                          },
                          {
                              "name": "maxlength",
                              "length": 100
                          }
                      ]
                  },
                  {
                      "type": "Font Style",
                      "name": "textFontStyle",
                      "label": "Title font style"
                  },
                  {
                      "type": "Dropdown",
                      "name": "textFontFamily",
                      "label": "Title font family"
                  },
                  {
                      "type": "Slider",
                      "name": "textSize",
                      "label": "Title text size",
                      "options": [
                          10,
                          80
                      ]
                  },
                  {
                      "type": "Color Picker",
                      "name": "textColor",
                      "label": "Title color"
                  }
              ]
          },
          {
              "groupName": "Feature Settings",
              "groupControls": [
                  {
                      "type": "ArrayOfObjects",
                      "name": "whoWeAreContent",
                      "label": "Features"
                  }
              ]
          }
      ]
  },
  {
      "id": 5,
      "sectionName": "Testimonials",
      "isExistingComponent": true,
      "controls": [
          {
              "groupName": "Text Settings",
              "groupControls": [
                  {
                      "type": "Input",
                      "name": "sectionTitle",
                      "label": "Features title",
                      "errors": [
                          {
                              "name": "required"
                          },
                          {
                              "name": "maxlength",
                              "length": 100
                          }
                      ]
                  },
                  {
                      "type": "Font Style",
                      "name": "textFontStyle",
                      "label": "Font style"
                  },
                  {
                      "type": "Dropdown",
                      "name": "textFontFamily",
                      "label": "Text font family"
                  },
                  {
                      "type": "Slider",
                      "name": "textSize",
                      "label": "Title text size",
                      "options": [
                          10,
                          80
                      ]
                  },
                  {
                      "type": "Color Picker",
                      "name": "textColor",
                      "label": "Heading text color"
                  }
              ]
          },
          {
              "groupName": "Testimonial Settings",
              "groupControls": [
                  {
                      "type": "Testimonial",
                      "name": "testimonial",
                      "label": "Testimonials"
                  },
                  {
                      "type": "Slider Toggle",
                      "name": "showCustomerName",
                      "label": "Show / Hide customer name"
                  },
                  {
                      "type": "Slider Toggle",
                      "name": "showCustomerImage",
                      "label": "Show / Hide customer image"
                  }
              ]
          }
      ]
  },
  {
      "id": 6,
      "sectionName": "Know About Us",
      "isExistingComponent": true,
      "controls": [
          {
              "groupName": "Text Settings",
              "groupControls": [
                  {
                      "type": "Slider Toggle",
                      "name": "knowAboutUsEnable",
                      "label": "Show / Hide know about us"
                  },
                  {
                      "type": "Input",
                      "name": "sectionTitle",
                      "label": "Know about us title",
                      "errors": [
                          {
                              "name": "required"
                          },
                          {
                              "name": "maxlength",
                              "length": 200
                          }
                      ]
                  },
                  {
                      "type": "Font Style",
                      "name": "textFontStyle",
                      "label": "Title font style"
                  },
                  {
                      "type": "Dropdown",
                      "name": "textFontFamily",
                      "label": "Title font family"
                  },
                  {
                      "type": "Slider",
                      "name": "textSize",
                      "label": "Title text size",
                      "options": [
                          10,
                          80
                      ]
                  },
                  {
                      "type": "Color Picker",
                      "name": "textColor",
                      "label": "Title color"
                  },
                  {
                      "type": "Input",
                      "name": "subHeader",
                      "label": "Subtitle",
                      "errors": [
                          {
                              "name": "required"
                          },
                          {
                              "name": "maxlength",
                              "length": 100
                          }
                      ]
                  },
                  {
                      "type": "Font Style",
                      "name": "subtextFontStyle",
                      "label": "Subtitle font style"
                  },
                  {
                      "type": "Dropdown",
                      "name": "subtextFontFamily",
                      "label": "Subtitle font family"
                  },
                  {
                      "type": "Slider",
                      "name": "subTextSize",
                      "label": "Subtitle text size",
                      "options": [
                          10,
                          80
                      ]
                  },
                  {
                      "type": "Color Picker",
                      "name": "subTextColor",
                      "label": "Subtitle color"
                  }
              ]
          },
          {
              "groupName": "About Us Settings",
              "groupControls": [
                  {
                      "type": "ArrayOfObjects",
                      "name": "knowAboutUs",
                      "label": "Know about us data"
                  }
              ]
          },
          {
              "groupName": "Text Settings",
              "groupControls": [
                  {
                      "type": "Slider Toggle",
                      "name": "awardsEnable",
                      "label": "Show / Hide awards"
                  },
                  {
                      "type": "Input",
                      "name": "awardHeading",
                      "label": "Awards title"
                  },
                  {
                      "type": "Font Style",
                      "name": "awardHeadingFontStyle",
                      "label": "Awards heading font style"
                  },
                  {
                      "type": "Dropdown",
                      "name": "awardHeadingFontFamily",
                      "label": "Awards heading font family"
                  },
                  {
                      "type": "Slider",
                      "name": "awardHeadingSize",
                      "label": "Awards heading text size",
                      "options": [
                          10,
                          80
                      ]
                  },
                  {
                      "type": "Color Picker",
                      "name": "awardHeadingColor",
                      "label": "Awards heading color"
                  }
              ]
          },
          {
              "groupName": "Award Settings",
              "groupControls": [
                  {
                      "type": "ArrayOfObjects",
                      "name": "awardDetail",
                      "label": "Award details"
                  }
              ]
          }
      ]
  }
]