[
    {
        "sectionId": 1,
        "script": "themes/bundle/shared/common-product-details.js",
        "isExistingComponent": true,
        "details": {
            "pageDesign": "productDetailsOne",
            "continueOrderingButtonText": "Continue Ordering",
            "isStar": true,
            "StarColor": "var(--star-color)",
            "notAvailableLabel": "Not Available in this location",
            "addToBagButtonText": "Add to Cart",
            "availabilityHeading": "Availability",
            "manyStockLabel": "Many In Stock",
            "outOfStockLabel": "Out of Stock",
            "taxButtonText": "*including tax",
            "isShowRatingMainProduct": true,
            "isFavoriteMainProduct": true,
            "viewFoodButtonText": "View Food",
            "showShortDescription": true,
            "shortDescriptionHeading": "Product Description",
            "instructionText": "Add Instructions",
            "notifyMeButtonText": "Notify Me"
        },
        "sampleData": {
            "salesCountdownTimerOffers": [],
            "isNoProduct": false,
            "navBarDetails": {
                "isTransparent": false
            },
            "productDetails": {
                "featuredImage": "themes/retail/product1.jpg",
                "name": "Nykaa Prep Me Up! Face Primer",
                "qty": 1,
                "quantity": 1,
                "price": "200.00",
                "id": 85,
                "description": "Experience the weightless texture of Nykaa SKINgenius Sculpting & Hydrating Foundation. This luxurious long-wear formula lasts all day long, keeping your skin fresh and radiant",
                "propertyValueId": null,
                "ratingCount": 4,
                "inclusiveTax": true,
                "orderQuantityMaximum": 20,
                "orderQuantityMinimum": 1,
                "shortDescription": "Nykaa All Day Matte Long Wear Liquid Foundation With Pump - Hazelnut 12",
                "outOfStock": false,
                "productAttachments": [
                    {
                        "ext": "mp4",
                        "imageUrl": "themes/shared/ZenBasket Promotional Video.mp4",
                        "id": 1
                    },
                    {
                        "ext": "jpg",
                        "imageUrl": "themes/retail/product2.jpg",
                        "id": 2
                    },
                    {
                        "ext": "jpg",
                        "imageUrl": "themes/retail/product3.jpg",
                        "id": 3
                    },
                    {
                        "ext": "jpg",
                        "imageUrl": "themes/retail/product4.jpg",
                        "id": 4
                    },
                    {
                        "ext": "jpg",
                        "imageUrl": "themes/retail/product5.jpg",
                        "id": 5
                    },
                    {
                        "ext": "jpg",
                        "imageUrl": "themes/retail/product1.jpg",
                        "id": 6
                    }
                ],
                "productOptionsList": [
                    {
                        "controlType": "Checkbox",
                        "name": "Toppings",
                        "optionValues": [
                            {
                                "id": 5,
                                "optionValue": "Chocolate",
                                "productOptionValueMappings": [
                                    {
                                        "isDefault": null,
                                        "priceModifier": "+",
                                        "priceValue": 10,
                                        "id": 21
                                    }
                                ]
                            }
                        ]
                    }
                ],
                "productOptionMappings": [
                    {
                        "optionId": 1,
                        "productId": 144,
                        "option": {
                            "name": "Size",
                            "optionValues": [
                                {
                                    "id": 1,
                                    "optionValue": "Small",
                                    "productVariantMappings": [
                                        {
                                            "skuId": 1,
                                            "variantCombinationDetail": {
                                                "price": "200.00",
                                                "description": null,
                                                "variantName": null,
                                                "wholeSalePrice": null,
                                                "isDefault": false,
                                                "multiLocationVariantStocks": [
                                                    {
                                                        "id": 1,
                                                        "stock": 50,
                                                        "variantSkuId": 1,
                                                        "inventoryLocationId": 73
                                                    }
                                                ]
                                            }
                                        },
                                        {
                                            "skuId": 2,
                                            "variantCombinationDetail": {
                                                "price": "120.00",
                                                "description": null,
                                                "variantName": null,
                                                "wholeSalePrice": null,
                                                "isDefault": false,
                                                "multiLocationVariantStocks": [
                                                    {
                                                        "id": 2,
                                                        "stock": 50,
                                                        "variantSkuId": 2,
                                                        "inventoryLocationId": 73
                                                    }
                                                ]
                                            }
                                        }
                                    ]
                                },
                                {
                                    "id": 2,
                                    "optionValue": "Large",
                                    "productVariantMappings": []
                                }
                            ]
                        }
                    },
                    {
                        "optionId": 2,
                        "productId": 144,
                        "option": {
                            "name": "Colour",
                            "optionValues": [
                                {
                                    "id": 3,
                                    "optionValue": "Red",
                                    "productVariantMappings": [
                                        {
                                            "skuId": 1,
                                            "variantCombinationDetail": {
                                                "price": "200.00",
                                                "description": null,
                                                "variantName": null,
                                                "wholeSalePrice": null,
                                                "isDefault": false,
                                                "multiLocationVariantStocks": [
                                                    {
                                                        "id": 1,
                                                        "stock": 50,
                                                        "variantSkuId": 1,
                                                        "inventoryLocationId": 73
                                                    }
                                                ]
                                            }
                                        }
                                    ]
                                },
                                {
                                    "id": 4,
                                    "optionValue": "Green",
                                    "productVariantMappings": [
                                        {
                                            "skuId": 2,
                                            "variantCombinationDetail": {
                                                "price": "120.00",
                                                "description": null,
                                                "variantName": null,
                                                "wholeSalePrice": null,
                                                "isDefault": false,
                                                "multiLocationVariantStocks": [
                                                    {
                                                        "id": 2,
                                                        "stock": 50,
                                                        "variantSkuId": 2,
                                                        "inventoryLocationId": 73
                                                    }
                                                ]
                                            }
                                        }
                                    ]
                                }
                            ]
                        }
                    }
                ],
                "variantCombinationDetails": [],
                "averageRatings": {
                    "count": 3,
                    "rows": [
                        {
                            "avgRatings": 3.5
                        }
                    ]
                },
                "productTaxMapping": [
                    {
                        "isEnabledAllProducts": true,
                        "id": 62,
                        "taxFor": "Specific Postal Code",
                        "otherZoneRate": 6,
                        "isIncludeTaxInProduct": true,
                        "taxZonesMappings": [
                            {
                                "taxPercent": 2,
                                "zipCode": 126987,
                                "zoneId": null
                            }
                        ]
                    },
                    {
                        "isEnabledAllProducts": true,
                        "id": 63,
                        "taxFor": "Specific Postal Code",
                        "otherZoneRate": 4,
                        "isIncludeTaxInProduct": true,
                        "taxZonesMappings": [
                            {
                                "taxPercent": 3,
                                "zipCode": 456231,
                                "zoneId": null
                            }
                        ]
                    },
                    {
                        "isEnabledAllProducts": true,
                        "id": 64,
                        "taxFor": "Specific Zone",
                        "otherZoneRate": 4,
                        "isIncludeTaxInProduct": true,
                        "taxZonesMappings": [
                            {
                                "taxPercent": 5,
                                "zipCode": null,
                                "zoneId": 99
                            },
                            {
                                "taxPercent": 6,
                                "zipCode": null,
                                "zoneId": 87
                            }
                        ]
                    },
                    {
                        "isEnabledAllProducts": true,
                        "id": 55,
                        "taxFor": "Specific Zone",
                        "otherZoneRate": 5,
                        "isIncludeTaxInProduct": true,
                        "taxZonesMappings": [
                            {
                                "taxPercent": 3,
                                "zipCode": null,
                                "zoneId": 104
                            },
                            {
                                "taxPercent": 34,
                                "zipCode": null,
                                "zoneId": 102
                            }
                        ]
                    },
                    {
                        "isEnabledAllProducts": true,
                        "id": 61,
                        "taxFor": "Specific Zone",
                        "otherZoneRate": 2,
                        "isIncludeTaxInProduct": true,
                        "taxZonesMappings": [
                            {
                                "taxPercent": 1,
                                "zipCode": null,
                                "zoneId": 105
                            }
                        ]
                    },
                    {
                        "isEnabledAllProducts": true,
                        "id": 59,
                        "taxFor": "Specific Zone",
                        "otherZoneRate": 2,
                        "isIncludeTaxInProduct": true,
                        "taxZonesMappings": []
                    },
                    {
                        "isEnabledAllProducts": true,
                        "id": 60,
                        "taxFor": "Specific Zone",
                        "otherZoneRate": 2,
                        "isIncludeTaxInProduct": true,
                        "taxZonesMappings": []
                    }
                ],
                "zones": [
                    {
                        "id": 105,
                        "countryId": [
                            236
                        ],
                        "stateId": [],
                        "zipCode": [
                            95007
                        ]
                    },
                    {
                        "id": 104,
                        "countryId": [
                            239
                        ],
                        "stateId": [
                            3479
                        ],
                        "zipCode": [
                            97005,
                            95701
                        ]
                    },
                    {
                        "id": 102,
                        "countryId": [
                            3
                        ],
                        "stateId": [],
                        "zipCode": []
                    },
                    {
                        "id": 99,
                        "countryId": [
                            1,
                            2
                        ],
                        "stateId": [],
                        "zipCode": [
                            34444,
                            555555
                        ]
                    },
                    {
                        "id": 87,
                        "countryId": [
                            2,
                            3
                        ],
                        "stateId": [],
                        "zipCode": [
                            33333
                        ]
                    }
                ],
                "productCategories": [
                    {
                        "category": {
                            "isDefault": true
                        }
                    }
                ],
                "selectedCombination": {
                    "price": 200,
                    "combinationName": "Red, Small",
                    "quantity": 1
                },
                "displayQuantity": 1,
                "isCombinationAvailable": true,
                "selectedVariant": {
                    "variantId": 1,
                    "combinationName": "Red, Small",
                    "price": 200,
                    "stockCount": [
                        {
                            "id": 1,
                            "stock": 50,
                            "variantSkuId": 1,
                            "inventoryLocationId": 73
                        }
                    ],
                    "description": null,
                    "variantName": null
                }
            },
            "subscriptionSetting": {
                "id": 11,
                "uuid": "01f711c0-09af-11ee-b67e-9b41be7eadd7",
                "storeId": 212,
                "createdAt": "2023-06-13T05:56:15.196Z",
                "modifiedAt": "2023-06-13T05:56:15.196Z",
                "isCancel": true,
                "isSkipable": true,
                "isReactivateSkip": false,
                "isReactivated": true,
                "isUpdateProduct": true,
                "isReschedule": true,
                "isUpdateShippingAddress": true,
                "isAllowCod": false,
                "discountConfig": [
                    {
                        "rangeFrom": "5000000",
                        "rangeTo": "50000005",
                        "discountRate": "55"
                    },
                    {
                        "rangeFrom": "50000006",
                        "rangeTo": "50000008",
                        "discountRate": "56"
                    },
                    {
                        "rangeFrom": "50000008.01",
                        "rangeTo": -1,
                        "discountRate": "45"
                    }
                ],
                "frequency": [
                    53,
                    43
                ],
                "isAdditionalCharges": false,
                "discountType": null,
                "additionalChargeLabel": null,
                "additionalCharge": null,
                "isSingleSubscription": true
            },
            "frequencyArray": [
                {
                    "id": 8,
                    "deliver_frequency": "daily"
                }
            ],
            "websiteSettings": {
                "currency": {
                    "currencySymbol": "₹",
                    "currencyCode": "INR"
                },
                "isInstructionEnabled": true,
                "isWholeSaleEnabled": true,
                "autoReviewApproval": true,
                "isWishListEnabled": true,
                "isWaitListEnabled": true
            },
            "userData": {
                "id": 6,
                "storeId": 2,
                "customerId": 2,
                "isWholesale": false,
                "address": [
                    {
                        "country": 239,
                        "state": 3479,
                        "zipCode": "97045"
                    }
                ]
            },
            "offer": [],
            "orderId": null,
            "productOrders": [],
            "locationId": 73,
            "cartProductArray": [],
            "categoryId": 1,
            "automaticDiscountDetails": [
                {
                    "id": 593,
                    "title": "Flat 10% OFF",
                    "appliesTo": "PRODUCT",
                    "discountTypeId": 1,
                    "restrictionBasedOn": "None",
                    "customerEligibilityType": 4,
                    "discountValue": "10.00",
                    "overallUsageLimit": null,
                    "orderMaxUses": null,
                    "maxAmount": "500.00",
                    "minValue": null,
                    "userBasedMaxUse": 2,
                    "toAll": true,
                    "startDate": "2022-09-14T18:30:00.000Z",
                    "endDate": "2022-09-29T18:30:00.000Z",
                    "description": null,
                    "discountType": {
                        "id": 1,
                        "discountName": "Percentage",
                        "discountTypeCode": "PERCENTAGE"
                    }
                },
                {
                    "id": 585,
                    "title": "10 to 25 % OFF",
                    "appliesTo": "PRODUCT",
                    "discountTypeId": 1,
                    "restrictionBasedOn": "None",
                    "customerEligibilityType": 4,
                    "discountValue": "50.00",
                    "overallUsageLimit": null,
                    "orderMaxUses": null,
                    "maxAmount": "100.00",
                    "minValue": null,
                    "userBasedMaxUse": 5,
                    "toAll": true,
                    "startDate": "2022-09-11T18:30:00.000Z",
                    "endDate": "2022-09-29T18:30:00.000Z",
                    "description": null,
                    "discountType": {
                        "id": 1,
                        "discountName": "Percentage",
                        "discountTypeCode": "PERCENTAGE"
                    }
                }
            ],
            "ogsDetails": {},
            "orderCount": {
                "customerOrderCount": 0,
                "preorderButton": "Pre order",
                "totalPreOrderQty": 0
            }
        },
        "selectorDetails": {
            "selector": "common-product-details",
            "inputData": [
                {
                    "selectorInput": "salesCountdownTimerOffers",
                    "handlerInput": "sampleData.salesCountdownTimerOffers"
                },
                {
                    "selectorInput": "constantProductDetails",
                    "handlerInput": "previewDetails.storePageSetup.savedPageContent"
                },
                {
                    "selectorInput": "navBarDetails",
                    "handlerInput": "sampleData.navBarDetails"
                },
                {
                    "selectorInput": "productDetails",
                    "handlerInput": "sampleData.productDetails",
                    "functionName": "getOneProductDetails"
                },
                {
                    "selectorInput": "websiteSettings",
                    "handlerInput": "sampleData.websiteSettings",
                    "functionName": "getWebsiteSettings"
                },
                {
                    "selectorInput": "locationId",
                    "handlerInput": "sampleData.locationId"
                },
                {
                    "selectorInput": "userData",
                    "handlerInput": "sampleData.userData"
                },
                {
                    "selectorInput": "orderId",
                    "handlerInput": "sampleData.orderId"
                },
                {
                    "selectorInput": "cartProductArray",
                    "handlerInput": "sampleData.cartProductArray",
                    "functionName": "getCartProducts"
                },
                {
                    "selectorInput": "isSingleSubscriptionValue",
                    "handlerInput": "sampleData.subscriptionSetting",
                    "functionName": "getData"
                },
                {
                    "selectorInput": "frequencyArray",
                    "handlerInput": "sampleData.frequencyArray"
                },
                {
                    "selectorInput": "productOrders",
                    "handlerInput": "sampleData.productOrders",
                    "functionName": "getProductOrders"
                },
                {
                    "selectorInput": "categoryId",
                    "handlerInput": "sampleData.categoryId"
                },
                {
                    "selectorInput": "automaticDiscountDetails",
                    "handlerInput": "sampleData.automaticDiscountDetails"
                },
                {
                    "selectorInput": "isNoProduct",
                    "handlerInput": "sampleData.isNoProduct"
                },
                {
                    "selectorInput": "ogsDetails",
                    "handlerInput": "sampleData.ogsDetails",
                    "functionName": "setOgsDetails"
                },
                {
                    "selectorInput": "customerPreorderLimit",
                    "handlerInput": "sampleData.orderCount",
                    "functionName": "checkCustomerLimit"
                },
                {
                    "selectorInput": "categoryDetails",
                    "handlerInput": "sampleData.categoryDetails",
                    "functionName": "getCategoryNameForProduct"
                },
                {
                    "selectorInput": "isWishlist",
                    "handlerInput": "sampleData.isWishlist"
                }
            ],
            "outputData": [
                {
                    "selectorOutput": "cartData",
                    "handlerFunction": "addToCart"
                },
                {
                    "selectorOutput": "wishlistData",
                    "handlerFunction": "addRemoveFromWishlist"
                },
                {
                    "selectorOutput": "pageToNavigate",
                    "handlerFunction": "pageToNavigate"
                },
                {
                    "selectorOutput": "notifyDetails",
                    "handlerFunction": "addToWaitList"
                },
                {
                    "selectorOutput": "selectedVariant",
                    "handlerFunction": "getDiscountDetailsForSingleProduct"
                },
                {
                    "selectorOutput": "recentlyViewed",
                    "handlerFunction": "createRecentlyViewedProducts"
                }
            ]
        }
    },
    {
        "sectionId": 5,
        "isExistingComponent": true,
        "script": "themes/bundle/shared/frequently-bought-together.js",
        "details": {
            "textAlign": "center",
            "heading": "Frequently Bought Together"
        },
        "sampleData": {
            "getFrequentlyBoughtTogether": {
                "fbtProductMappings": [
                    {
                        "id": 497,
                        "storeId": 391,
                        "fbtId": 149,
                        "discountType": "FIXED",
                        "discountValue": 100,
                        "variantId": 237015,
                        "productId": 126011,
                        "combinationName": "1",
                        "name": "Modern Art",
                        "stock": -1,
                        "image": "STORE_391/products/view_1687436473543_S391.png",
                        "costComparePrice": null,
                        "price": "21.00",
                        "weightUnit": null,
                        "weightCount": "1.00",
                        "oldPrice": "21.00",
                        "newPrice": "21.00",
                        "fbtPrice": "21.00",
                        "selected": true,
                        "isFbt": true,
                        "quantity": "1.00",
                        "show": true
                    },
                    {
                        "id": 498,
                        "storeId": 391,
                        "fbtId": 149,
                        "discountType": "PERCENTAGE",
                        "discountValue": 100,
                        "variantId": 164540,
                        "productId": 126009,
                        "combinationName": "",
                        "name": "Queen Portrait",
                        "stock": -1,
                        "image": "STORE_391/products/queen_1687436365787_S391.png",
                        "costComparePrice": null,
                        "price": "36000.00",
                        "weightUnit": null,
                        "weightCount": null,
                        "oldPrice": "36000.00",
                        "newPrice": 0,
                        "fbtPrice": 0,
                        "selected": true,
                        "isFbt": true,
                        "quantity": 1,
                        "show": true
                    }
                ],
                "id": 149,
                "isActive": true,
                "enable": false
            }
        },
        "selectorDetails": {
            "selector": "phase-ii-frequently-bougtht-together",
            "inputData": [
                {
                    "selectorInput": "frequentlyBoughtTogetherDetails",
                    "handlerInput": "previewDetails.storePageSetup.savedPageContent"
                },
                {
                    "selectorInput": "websiteSettings",
                    "handlerInput": "sampleData.websiteSettings"
                },
                {
                    "selectorInput": "getFrequentlyBoughtTogether",
                    "handlerInput": "sampleData.getFrequentlyBoughtTogether",
                    "functionName": "getFrequentlyBoughtTogether"
                }
            ],
            "outputData": [
                {
                    "selectorOutput": "pageToNavigate",
                    "handlerFunction": "pageToNavigate"
                }
            ]
        }
    }
]
