[
  {
      "sectionId": 1,
      "isExistingComponent": true,
      "details": {
          "isTransparent": false,
          "color": "#ffffff",
          "navbarColor": "#343643",
          "navbarCategory": "withCategory",
          "backgroundColor": "#ffffff",
          "textColor": "#000000",
          "hoverBackgroundColor": "#f5f5f5",
          "hoverTextColor": "#343643",
          "cartIconColor": "#777777",
          "cartBadgeColor": "#343643",
          "iconColor": "#343643",
          "showAttentionBanner": false,
          "attentionBannerText": "This is an attention banner",
          "attentionBannerBackgroundColor": "#F8F35F",
          "attentionBannerTextColor": "#F25656",
          "showSearchCategory": true,
          "searchCategoryTextColor": "#555",
          "searchCategoryBackgroundColor": "#f3f3f3",
          "searchBarSize": 48,
          "navbarSections": [
              {
                  "name": "Logo",
                  "templateName": "logoTemplate"
              },
              {
                  "name": "Location",
                  "templateName": "locationTemplate"
              },
              {
                  "name": "Quick Access",
                  "templateName": "quickAccessTemplate"
              },
              {
                  "name": "Search Bar",
                  "templateName": "searchBarTemplate"
              },
              {
                  "name": "My Account",
                  "templateName": "myAccountTemplate"
              },
              {
                  "name": "Contact",
                  "templateName": "contactTemplate"
              },
              {
                  "name": "Custom Menus",
                  "templateName": "customMenuTemplate"
              },
              {
                  "name": "Cart",
                  "templateName": "cartTemplate"
              }
          ],
          "menuIconColor": "#343643",
          "menuColor": "black",
          "categoryColor": "black",
          "categoryHover": "#343643",
          "categoryBackground": "#ffffff",
          "scrollThumbColor": "#9fa1a1",
          "categoryImageRadius": 50,
          "showSingleLocation": false
      },
      "sampleData": {
          "categoryList": [
              {
                  "id": 1,
                  "categoryName": "All Products",
                  "categoryImageUrl": null,
                  "isAutomatic": false,
                  "rule": [],
                  "sortOrder": null,
                  "parentCategoryId": null,
                  "isFeatured": false,
                  "subCategory": []
              },
              {
                  "id": 2,
                  "categoryName": "Idols & Figurines",
                  "categoryImageUrl": null,
                  "isAutomatic": false,
                  "rule": [],
                  "sortOrder": null,
                  "parentCategoryId": null,
                  "isFeatured": false,
                  "subCategory": []
              },
              {
                  "id": 3,
                  "categoryName": "Candles & Fragrances",
                  "categoryImageUrl": null,
                  "isAutomatic": false,
                  "rule": [],
                  "sortOrder": null,
                  "parentCategoryId": null,
                  "isFeatured": false,
                  "subCategory": []
              },
              {
                  "id": 4,
                  "categoryName": "Wall Decor",
                  "categoryImageUrl": null,
                  "isAutomatic": false,
                  "rule": [],
                  "sortOrder": null,
                  "parentCategoryId": null,
                  "isFeatured": false,
                  "subCategory": []
              },
              {
                  "id": 5,
                  "categoryName": "Mirrors",
                  "categoryImageUrl": null,
                  "isAutomatic": false,
                  "rule": [],
                  "sortOrder": null,
                  "parentCategoryId": null,
                  "isFeatured": false,
                  "subCategory": []
              },
              {
                  "id": 6,
                  "categoryName": "Table Decor",
                  "categoryImageUrl": null,
                  "isAutomatic": false,
                  "rule": [],
                  "sortOrder": null,
                  "parentCategoryId": null,
                  "isFeatured": false,
                  "subCategory": []
              }
          ]
      }
  },
  {
      "sectionId": 2,
      "sectionName": "Color",
      "details": {
          "primary-color": "#343643",
          "secondary-color": "#4A4D60",
          "light-color": "white",
          "dark-color": "black",
          "grey-color": "#818181"
      },
      "sampleData": null
  },
  {
      "sectionId": 3,
      "sectionName": "Loader",
      "details": {
          "loaderImage": "themes/loader-gifs/default1.gif",
          "loaderText": "Loading",
          "textColor": "black",
          "textFontSize": "15px",
          "textFontFamily": "Montserrat",
          "textStyle": [
              "B"
          ],
          "backgroundColor": "#ffffff",
          "loaderArray": [
              {
                  "industry": "Default",
                  "gifs": [
                      {
                          "imageUrl": "themes/loader-gifs/default1.gif"
                      }
                  ]
              },
              {
                  "industry": "Bakery",
                  "gifs": [
                      {
                          "imageUrl": "themes/loader-gifs/Bakery/bakery 1.gif"
                      },
                      {
                          "imageUrl": "themes/loader-gifs/Bakery/bakery 2.gif"
                      },
                      {
                          "imageUrl": "themes/loader-gifs/Bakery/bakery.gif"
                      },
                      {
                          "imageUrl": "themes/loader-gifs/Bakery/chocolate.gif"
                      },
                      {
                          "imageUrl": "themes/loader-gifs/Bakery/pastry.gif"
                      },
                      {
                          "imageUrl": "themes/loader-gifs/Bakery/ice cream-1s-200px (1).gif"
                      },
                      {
                          "imageUrl": "themes/loader-gifs/Bakery/ice cream-1s-200px.gif"
                      },
                      {
                          "imageUrl": "themes/loader-gifs/Bakery/ice cream-1.1s-200px (1).gif"
                      },
                      {
                          "imageUrl": "themes/loader-gifs/Bakery/ice cream-1.1s-200px.gif"
                      },
                      {
                          "imageUrl": "themes/loader-gifs/Bakery/cake-1.9s-200px.gif"
                      },
                      {
                          "imageUrl": "themes/loader-gifs/Bakery/cake-1.9s-200px (2).gif"
                      },
                      {
                          "imageUrl": "themes/loader-gifs/Bakery/wedding-1.9s-200px (1).gif"
                      },
                      {
                          "imageUrl": "themes/loader-gifs/Bakery/cupcake-1.1s-200px (3).gif"
                      },
                      {
                          "imageUrl": "themes/loader-gifs/Bakery/cupcake-1.1s-200px (2).gif"
                      },
                      {
                          "imageUrl": "themes/loader-gifs/Bakery/cupcake-1.1s-200px.gif"
                      },
                      {
                          "imageUrl": "themes/loader-gifs/Bakery/cupcake-2.6s-200px.gif"
                      },
                      {
                          "imageUrl": "themes/loader-gifs/Bakery/bread-1.1s-200px (1).gif"
                      },
                      {
                          "imageUrl": "themes/loader-gifs/Bakery/bread-1.1s-200px.gif"
                      }
                  ]
              },
              {
                  "industry": "Beverages",
                  "gifs": [
                      {
                          "imageUrl": "themes/loader-gifs/Beverages/beverage.gif"
                      },
                      {
                          "imageUrl": "themes/loader-gifs/Beverages/beverage 2.gif"
                      }
                  ]
              },
              {
                  "industry": "Book",
                  "gifs": [
                      {
                          "imageUrl": "themes/loader-gifs/Book/book-1.1s-200px.gif"
                      },
                      {
                          "imageUrl": "themes/loader-gifs/Book/book-1.1s-200px (1).gif"
                      },
                      {
                          "imageUrl": "themes/loader-gifs/Book/book-1.1s-200px (2).gif"
                      },
                      {
                          "imageUrl": "themes/loader-gifs/Book/book-1.1s-200px (3).gif"
                      },
                      {
                          "imageUrl": "themes/loader-gifs/Book/book-1.1s-200px (4).gif"
                      },
                      {
                          "imageUrl": "themes/loader-gifs/Book/book-1.1s-200px (5).gif"
                      },
                      {
                          "imageUrl": "themes/loader-gifs/Book/edit-1.1s-200px.gif"
                      },
                      {
                          "imageUrl": "themes/loader-gifs/Book/encyclopedia-1.1s-200px.gif"
                      }
                  ]
              },
              {
                  "industry": "Coffee",
                  "gifs": [
                      {
                          "imageUrl": "themes/loader-gifs/Coffee/coffee 1.gif"
                      },
                      {
                          "imageUrl": "themes/loader-gifs/Coffee/coffee 2.gif"
                      },
                      {
                          "imageUrl": "themes/loader-gifs/Coffee/coffee 3.gif"
                      },
                      {
                          "imageUrl": "themes/loader-gifs/Coffee/coffee 4.gif"
                      },
                      {
                          "imageUrl": "themes/loader-gifs/Coffee/coffee 5.gif"
                      },
                      {
                          "imageUrl": "themes/loader-gifs/Coffee/coffee 6.gif"
                      },
                      {
                          "imageUrl": "themes/loader-gifs/Coffee/coffee 7.gif"
                      },
                      {
                          "imageUrl": "themes/loader-gifs/Coffee/coffee 8.gif"
                      },
                      {
                          "imageUrl": "themes/loader-gifs/Coffee/coffee 9.gif"
                      },
                      {
                          "imageUrl": "themes/loader-gifs/Coffee/coffee 10.gif"
                      },
                      {
                          "imageUrl": "themes/loader-gifs/Coffee/coffee 11.gif"
                      },
                      {
                          "imageUrl": "themes/loader-gifs/Coffee/coffee 12.gif"
                      },
                      {
                          "imageUrl": "themes/loader-gifs/Coffee/coffee 13.gif"
                      },
                      {
                          "imageUrl": "themes/loader-gifs/Coffee/coffee 14.gif"
                      },
                      {
                          "imageUrl": "themes/loader-gifs/Coffee/coffee 15.gif"
                      },
                      {
                          "imageUrl": "themes/loader-gifs/Coffee/coffee 16.gif"
                      },
                      {
                          "imageUrl": "themes/loader-gifs/Coffee/coffee 17.gif"
                      },
                      {
                          "imageUrl": "themes/loader-gifs/Coffee/coffee 18.gif"
                      },
                      {
                          "imageUrl": "themes/loader-gifs/Coffee/coffee 19.gif"
                      },
                      {
                          "imageUrl": "themes/loader-gifs/Coffee/coffee 20.gif"
                      },
                      {
                          "imageUrl": "themes/loader-gifs/Coffee/coffee 21.gif"
                      },
                      {
                          "imageUrl": "themes/loader-gifs/Coffee/coffee 22.gif"
                      },
                      {
                          "imageUrl": "themes/loader-gifs/Coffee/coffee 23.gif"
                      },
                      {
                          "imageUrl": "themes/loader-gifs/Coffee/coffee 24.gif"
                      },
                      {
                          "imageUrl": "themes/loader-gifs/Coffee/coffee 25.gif"
                      }
                  ]
              },
              {
                  "industry": "Electronics",
                  "gifs": [
                      {
                          "imageUrl": "themes/loader-gifs/electronics/electronics.gif"
                      },
                      {
                          "imageUrl": "themes/loader-gifs/electronics/electronics 3.gif"
                      },
                      {
                          "imageUrl": "themes/loader-gifs/electronics/electronics 4.gif"
                      },
                      {
                          "imageUrl": "themes/loader-gifs/electronics/electronics 5.gif"
                      },
                      {
                          "imageUrl": "themes/loader-gifs/electronics/electronics 6.gif"
                      },
                      {
                          "imageUrl": "themes/loader-gifs/electronics/electronics 7.gif"
                      },
                      {
                          "imageUrl": "themes/loader-gifs/electronics/electronics 8.gif"
                      },
                      {
                          "imageUrl": "themes/loader-gifs/electronics/electronics 9.gif"
                      },
                      {
                          "imageUrl": "themes/loader-gifs/electronics/electronics 10.gif"
                      },
                      {
                          "imageUrl": "themes/loader-gifs/electronics/electronics 11.gif"
                      },
                      {
                          "imageUrl": "themes/loader-gifs/electronics/electronics 12.gif"
                      },
                      {
                          "imageUrl": "themes/loader-gifs/electronics/electronics 13.gif"
                      },
                      {
                          "imageUrl": "themes/loader-gifs/electronics/electronics 14.gif"
                      },
                      {
                          "imageUrl": "themes/loader-gifs/electronics/electronics 15.gif"
                      },
                      {
                          "imageUrl": "themes/loader-gifs/electronics/electronics 16.gif"
                      },
                      {
                          "imageUrl": "themes/loader-gifs/electronics/electronics 17.gif"
                      }
                  ]
              },
              {
                  "industry": "Flower",
                  "gifs": [
                      {
                          "imageUrl": "themes/loader-gifs/Flower/flower-1.1s-200px.gif"
                      },
                      {
                          "imageUrl": "themes/loader-gifs/Flower/flower-1.1s-200px (1).gif"
                      },
                      {
                          "imageUrl": "themes/loader-gifs/Flower/sakura-1.1s-200px.gif"
                      },
                      {
                          "imageUrl": "themes/loader-gifs/Flower/sakura-1.1s-200px (1).gif"
                      },
                      {
                          "imageUrl": "themes/loader-gifs/Flower/sakura-1.1s-200px (2).gif"
                      },
                      {
                          "imageUrl": "themes/loader-gifs/Flower/sakura-1.1s-200px (3).gif"
                      },
                      {
                          "imageUrl": "themes/loader-gifs/Flower/sakura-1.4s-200px.gif"
                      },
                      {
                          "imageUrl": "themes/loader-gifs/Flower/wedding-1.1s-200px.gif"
                      },
                      {
                          "imageUrl": "themes/loader-gifs/Flower/wedding-1.1s-200px (1).gif"
                      }
                  ]
              },
              {
                  "industry": "Furniture",
                  "gifs": [
                      {
                          "imageUrl": "themes/loader-gifs/Furniture/furniture1.gif"
                      },
                      {
                          "imageUrl": "themes/loader-gifs/Furniture/furniture2.gif"
                      },
                      {
                          "imageUrl": "themes/loader-gifs/Furniture/furniture3.gif"
                      },
                      {
                          "imageUrl": "themes/loader-gifs/Furniture/furniture4.gif"
                      }
                  ]
              },
              {
                  "industry": "Grocery",
                  "gifs": [
                      {
                          "imageUrl": "themes/loader-gifs/grocery/grocery.gif"
                      },
                      {
                          "imageUrl": "themes/loader-gifs/grocery/grocery 2.gif"
                      },
                      {
                          "imageUrl": "themes/loader-gifs/grocery/grocery 3.gif"
                      },
                      {
                          "imageUrl": "themes/loader-gifs/grocery/grocery4.gif"
                      },
                      {
                          "imageUrl": "themes/loader-gifs/grocery/grocery5.gif"
                      }
                  ]
              },
              {
                  "industry": "Music",
                  "gifs": [
                      {
                          "imageUrl": "themes/loader-gifs/Music/music1.gif"
                      },
                      {
                          "imageUrl": "themes/loader-gifs/Music/music2.gif"
                      },
                      {
                          "imageUrl": "themes/loader-gifs/Music/music3.gif"
                      },
                      {
                          "imageUrl": "themes/loader-gifs/Music/music4.gif"
                      },
                      {
                          "imageUrl": "themes/loader-gifs/Music/music5.gif"
                      },
                      {
                          "imageUrl": "themes/loader-gifs/Music/music6.gif"
                      }
                  ]
              },
              {
                  "industry": "Painting",
                  "gifs": [
                      {
                          "imageUrl": "themes/loader-gifs/painting/painting1.gif"
                      },
                      {
                          "imageUrl": "themes/loader-gifs/painting/painting2.gif"
                      },
                      {
                          "imageUrl": "themes/loader-gifs/painting/painting3.gif"
                      },
                      {
                          "imageUrl": "themes/loader-gifs/painting/painting4.gif"
                      },
                      {
                          "imageUrl": "themes/loader-gifs/painting/painting5.gif"
                      },
                      {
                          "imageUrl": "themes/loader-gifs/painting/painting6.gif"
                      },
                      {
                          "imageUrl": "themes/loader-gifs/painting/painting7.gif"
                      }
                  ]
              },
              {
                  "industry": "Restaurant",
                  "gifs": [
                      {
                          "imageUrl": "themes/loader-gifs/restaurant/restaurant.gif"
                      },
                      {
                          "imageUrl": "themes/loader-gifs/restaurant/restaurant 2.gif"
                      },
                      {
                          "imageUrl": "themes/loader-gifs/restaurant/restaurant 3.gif"
                      },
                      {
                          "imageUrl": "themes/loader-gifs/restaurant/restaurant 4.gif"
                      },
                      {
                          "imageUrl": "themes/loader-gifs/restaurant/restaurant 6.gif"
                      },
                      {
                          "imageUrl": "themes/loader-gifs/restaurant/restaurant 7.gif"
                      },
                      {
                          "imageUrl": "themes/loader-gifs/restaurant/restaurant 8.gif"
                      },
                      {
                          "imageUrl": "themes/loader-gifs/restaurant/restaurant 9.gif"
                      },
                      {
                          "imageUrl": "themes/loader-gifs/restaurant/restaurant1.gif"
                      },
                      {
                          "imageUrl": "themes/loader-gifs/restaurant/restaurant2.gif"
                      },
                      {
                          "imageUrl": "themes/loader-gifs/restaurant/restaurant3.gif"
                      },
                      {
                          "imageUrl": "themes/loader-gifs/restaurant/restaurant4.gif"
                      },
                      {
                          "imageUrl": "themes/loader-gifs/restaurant/restaurant6.gif"
                      },
                      {
                          "imageUrl": "themes/loader-gifs/restaurant/restaurant7.gif"
                      },
                      {
                          "imageUrl": "themes/loader-gifs/restaurant/restaurant8.gif"
                      },
                      {
                          "imageUrl": "themes/loader-gifs/restaurant/restaurant9.gif"
                      },
                      {
                          "imageUrl": "themes/loader-gifs/restaurant/restaurant5.gif"
                      },
                      {
                          "imageUrl": "themes/loader-gifs/restaurant/restaurant17.gif"
                      }
                  ]
              },
              {
                  "industry": "Retail",
                  "gifs": [
                      {
                          "imageUrl": "themes/loader-gifs/Retail/children 3.gif"
                      },
                      {
                          "imageUrl": "themes/loader-gifs/Retail/children.gif"
                      },
                      {
                          "imageUrl": "themes/loader-gifs/Retail/default.gif"
                      },
                      {
                          "imageUrl": "themes/loader-gifs/Retail/footwear 1.gif"
                      },
                      {
                          "imageUrl": "themes/loader-gifs/Retail/footwear 2.gif"
                      },
                      {
                          "imageUrl": "themes/loader-gifs/Retail/home decor 1.gif"
                      },
                      {
                          "imageUrl": "themes/loader-gifs/Retail/home decor 3.gif"
                      },
                      {
                          "imageUrl": "themes/loader-gifs/Retail/home decor 4.gif"
                      },
                      {
                          "imageUrl": "themes/loader-gifs/Retail/home decor 5.gif"
                      },
                      {
                          "imageUrl": "themes/loader-gifs/Retail/man 1.gif"
                      },
                      {
                          "imageUrl": "themes/loader-gifs/Retail/retail1.gif"
                      },
                      {
                          "imageUrl": "themes/loader-gifs/Retail/retail2.gif"
                      },
                      {
                          "imageUrl": "themes/loader-gifs/Retail/retail3.gif"
                      },
                      {
                          "imageUrl": "themes/loader-gifs/Retail/retail7.gif"
                      },
                      {
                          "imageUrl": "themes/loader-gifs/Retail/retail8.gif"
                      },
                      {
                          "imageUrl": "themes/loader-gifs/Retail/retail9.gif"
                      },
                      {
                          "imageUrl": "themes/loader-gifs/Retail/retail17.gif"
                      },
                      {
                          "imageUrl": "themes/loader-gifs/Retail/retail18.gif"
                      },
                      {
                          "imageUrl": "themes/loader-gifs/Retail/retail19.gif"
                      },
                      {
                          "imageUrl": "themes/loader-gifs/Retail/retail20.gif"
                      },
                      {
                          "imageUrl": "themes/loader-gifs/Retail/retail21.gif"
                      },
                      {
                          "imageUrl": "themes/loader-gifs/Retail/retail22.gif"
                      },
                      {
                          "imageUrl": "themes/loader-gifs/Retail/retail24.gif"
                      },
                      {
                          "imageUrl": "themes/loader-gifs/Retail/retail25.gif"
                      },
                      {
                          "imageUrl": "themes/loader-gifs/Retail/retail26.gif"
                      },
                      {
                          "imageUrl": "themes/loader-gifs/Retail/retail27.gif"
                      },
                      {
                          "imageUrl": "themes/loader-gifs/Retail/retail28.gif"
                      },
                      {
                          "imageUrl": "themes/loader-gifs/Retail/retail30.gif"
                      },
                      {
                          "imageUrl": "themes/loader-gifs/Retail/retail31.gif"
                      },
                      {
                          "imageUrl": "themes/loader-gifs/Retail/retail32.gif"
                      },
                      {
                          "imageUrl": "themes/loader-gifs/Retail/retail33.gif"
                      },
                      {
                          "imageUrl": "themes/loader-gifs/Retail/retail34.gif"
                      },
                      {
                          "imageUrl": "themes/loader-gifs/Retail/retail35.gif"
                      },
                      {
                          "imageUrl": "themes/loader-gifs/Retail/retail36.gif"
                      },
                      {
                          "imageUrl": "themes/loader-gifs/Retail/retail37.gif"
                      },
                      {
                          "imageUrl": "themes/loader-gifs/Retail/retail38.gif"
                      },
                      {
                          "imageUrl": "themes/loader-gifs/Retail/retail39.gif"
                      },
                      {
                          "imageUrl": "themes/loader-gifs/Retail/retail40.gif"
                      },
                      {
                          "imageUrl": "themes/loader-gifs/Retail/retail41.gif"
                      },
                      {
                          "imageUrl": "themes/loader-gifs/Retail/retail29.gif"
                      }
                  ]
              }
          ]
      },
      "sampleData": null
  }
]